design_id,pass_a,pass_b,pass_both,energy_gap,switchable
EXAMPLE_DATA_switch_hinge_000,False,False,False,0.745,True
EXAMPLE_DATA_switch_hinge_001,False,False,False,0.055,False
EXAMPLE_DATA_switch_hinge_002,False,False,False,1.755,True
EXAMPLE_DATA_switch_hinge_003,False,False,False,3.085,True
EXAMPLE_DATA_switch_hinge_004,False,False,False,1.145,True
EXAMPLE_DATA_switch_hinge_005,True,False,False,3.185,True
EXAMPLE_DATA_switch_hinge_006,False,False,False,0.085,False
EXAMPLE_DATA_switch_hinge_007,False,True,False,0.67,True
EXAMPLE_DATA_switch_hinge_008,True,False,False,3.955,True
EXAMPLE_DATA_switch_hinge_009,True,False,False,3.57,True
EXAMPLE_DATA_switch_hinge_010,False,False,False,0.48,False
EXAMPLE_DATA_switch_hinge_011,False,True,False,0.185,False
EXAMPLE_DATA_switch_hinge_012,False,False,False,1.245,True
EXAMPLE_DATA_switch_hinge_013,False,False,False,0.825,True
EXAMPLE_DATA_switch_hinge_014,True,False,False,4.485,True
EXAMPLE_DATA_switch_hinge_015,False,False,False,0.075,False
EXAMPLE_DATA_switch_hinge_016,True,False,False,2.445,True
EXAMPLE_DATA_switch_hinge_017,True,False,False,4.135,True
EXAMPLE_DATA_switch_hinge_018,False,False,False,2.6,True
EXAMPLE_DATA_switch_hinge_019,True,False,False,2.55,True
EXAMPLE_DATA_switch_hinge_020,True,False,False,2.935,True
EXAMPLE_DATA_switch_hinge_021,False,False,False,0.39,False
EXAMPLE_DATA_switch_hinge_022,True,False,False,4.185,True
EXAMPLE_DATA_switch_hinge_023,True,False,False,1.78,True
