design_id,target,design_type,scrmsd,plddt,pae_interaction,solubility,rosetta_dG,shape_complementarity,tm_to_pdb,source,label_origin,success
EXAMPLE_DATA_binder_0_0000,EXAMPLE_TARGET_binder_0,binder,3.12,71.2,3.78,-1.942,-11.9,0.875,0.614,EXAMPLE_DATA,EXAMPLE_DATA_SYNTHETIC,0
EXAMPLE_DATA_binder_0_0001,EXAMPLE_TARGET_binder_0,binder,4.253,89.7,3.05,1.001,-53.22,0.779,0.355,EXAMPLE_DATA,EXAMPLE_DATA_SYNTHETIC,0
EXAMPLE_DATA_binder_0_0002,EXAMPLE_TARGET_binder_0,binder,1.839,76.4,3.54,-1.565,-19.46,0.737,0.619,EXAMPLE_DATA,EXAMPLE_DATA_SYNTHETIC,0
EXAMPLE_DATA_binder_0_0003,EXAMPLE_TARGET_binder_0,binder,4.427,85.3,15.36,0.41,-34.39,0.47,0.683,EXAMPLE_DATA,EXAMPLE_DATA_SYNTHETIC,0
EXAMPLE_DATA_binder_0_0004,EXAMPLE_TARGET_binder_0,binder,2.546,92.2,20.75,-0.748,-24.71,0.567,0.607,EXAMPLE_DATA,EXAMPLE_DATA_SYNTHETIC,0
EXAMPLE_DATA_binder_0_0005,EXAMPLE_TARGET_binder_0,binder,4.083,69.7,14.84,-1.706,-10.87,0.809,0.394,EXAMPLE_DATA,EXAMPLE_DATA_SYNTHETIC,0
EXAMPLE_DATA_binder_0_0006,EXAMPLE_TARGET_binder_0,binder,1.977,67.1,11.56,0.787,-42.78,0.427,0.493,EXAMPLE_DATA,EXAMPLE_DATA_SYNTHETIC,0
EXAMPLE_DATA_binder_0_0007,EXAMPLE_TARGET_binder_0,binder,2.905,72.2,15.77,-1.302,-5.07,0.59,0.313,EXAMPLE_DATA,EXAMPLE_DATA_SYNTHETIC,0
EXAMPLE_DATA_binder_0_0008,EXAMPLE_TARGET_binder_0,binder,2.373,94.5,12.5,-0.512,-22.13,0.917,0.819,EXAMPLE_DATA,EXAMPLE_DATA_SYNTHETIC,0
EXAMPLE_DATA_binder_0_0009,EXAMPLE_TARGET_binder_0,binder,2.59,80.0,17.93,-0.549,-16.07,0.77,0.809,EXAMPLE_DATA,EXAMPLE_DATA_SYNTHETIC,0
EXAMPLE_DATA_binder_0_0010,EXAMPLE_TARGET_binder_0,binder,4.224,94.9,3.28,1.023,-3.0,0.898,0.339,EXAMPLE_DATA,EXAMPLE_DATA_SYNTHETIC,0
EXAMPLE_DATA_binder_0_0011,EXAMPLE_TARGET_binder_0,binder,3.825,78.3,7.42,0.807,-6.05,0.538,0.573,EXAMPLE_DATA,EXAMPLE_DATA_SYNTHETIC,0
EXAMPLE_DATA_binder_0_0012,EXAMPLE_TARGET_binder_0,binder,0.854,86.9,14.67,-1.901,-16.88,0.408,0.705,EXAMPLE_DATA,EXAMPLE_DATA_SYNTHETIC,0
EXAMPLE_DATA_binder_0_0013,EXAMPLE_TARGET_binder_0,binder,0.951,90.6,4.27,-0.795,-32.19,0.902,0.587,EXAMPLE_DATA,EXAMPLE_DATA_SYNTHETIC,1
EXAMPLE_DATA_binder_0_0014,EXAMPLE_TARGET_binder_0,binder,4.075,69.7,5.37,-0.991,-23.94,0.688,0.736,EXAMPLE_DATA,EXAMPLE_DATA_SYNTHETIC,0
EXAMPLE_DATA_binder_0_0015,EXAMPLE_TARGET_binder_0,binder,2.269,89.8,14.9,1.357,-35.42,0.687,0.606,EXAMPLE_DATA,EXAMPLE_DATA_SYNTHETIC,1
EXAMPLE_DATA_binder_0_0016,EXAMPLE_TARGET_binder_0,binder,2.245,92.9,3.82,0.879,-32.98,0.831,0.256,EXAMPLE_DATA,EXAMPLE_DATA_SYNTHETIC,1
EXAMPLE_DATA_binder_0_0017,EXAMPLE_TARGET_binder_0,binder,3.18,71.3,16.35,1.303,-48.28,0.85,0.286,EXAMPLE_DATA,EXAMPLE_DATA_SYNTHETIC,0
EXAMPLE_DATA_binder_0_0018,EXAMPLE_TARGET_binder_0,binder,2.558,95.2,17.74,-0.919,-40.7,0.849,0.779,EXAMPLE_DATA,EXAMPLE_DATA_SYNTHETIC,0
EXAMPLE_DATA_binder_0_0019,EXAMPLE_TARGET_binder_0,binder,4.481,72.7,6.47,1.08,-11.95,0.747,0.825,EXAMPLE_DATA,EXAMPLE_DATA_SYNTHETIC,0
EXAMPLE_DATA_binder_0_0020,EXAMPLE_TARGET_binder_0,binder,3.971,70.4,5.68,0.345,-17.13,0.487,0.487,EXAMPLE_DATA,EXAMPLE_DATA_SYNTHETIC,0
EXAMPLE_DATA_binder_0_0021,EXAMPLE_TARGET_binder_0,binder,2.898,68.6,12.99,-0.168,-50.29,0.911,0.593,EXAMPLE_DATA,EXAMPLE_DATA_SYNTHETIC,0
EXAMPLE_DATA_binder_0_0022,EXAMPLE_TARGET_binder_0,binder,4.417,82.1,9.07,-1.344,-19.36,0.501,0.597,EXAMPLE_DATA,EXAMPLE_DATA_SYNTHETIC,0
EXAMPLE_DATA_binder_0_0023,EXAMPLE_TARGET_binder_0,binder,0.975,79.0,17.14,-1.38,-34.43,0.433,0.686,EXAMPLE_DATA,EXAMPLE_DATA_SYNTHETIC,1
EXAMPLE_DATA_binder_0_0024,EXAMPLE_TARGET_binder_0,binder,4.019,78.1,20.34,0.681,-6.49,0.466,0.294,EXAMPLE_DATA,EXAMPLE_DATA_SYNTHETIC,0
EXAMPLE_DATA_binder_0_0025,EXAMPLE_TARGET_binder_0,binder,3.109,78.9,6.11,0.358,-38.15,0.77,0.526,EXAMPLE_DATA,EXAMPLE_DATA_SYNTHETIC,0
EXAMPLE_DATA_binder_0_0026,EXAMPLE_TARGET_binder_0,binder,1.052,81.7,6.75,0.828,-29.09,0.914,0.36,EXAMPLE_DATA,EXAMPLE_DATA_SYNTHETIC,0
EXAMPLE_DATA_binder_0_0027,EXAMPLE_TARGET_binder_0,binder,2.529,89.7,14.45,0.293,-6.57,0.434,0.751,EXAMPLE_DATA,EXAMPLE_DATA_SYNTHETIC,0
EXAMPLE_DATA_binder_0_0028,EXAMPLE_TARGET_binder_0,binder,4.477,88.6,12.23,-0.521,-8.49,0.445,0.675,EXAMPLE_DATA,EXAMPLE_DATA_SYNTHETIC,0
EXAMPLE_DATA_binder_0_0029,EXAMPLE_TARGET_binder_0,binder,1.925,89.1,7.28,-0.732,-32.88,0.682,0.318,EXAMPLE_DATA,EXAMPLE_DATA_SYNTHETIC,1
EXAMPLE_DATA_binder_0_0030,EXAMPLE_TARGET_binder_0,binder,3.529,91.0,5.64,0.463,-11.48,0.911,0.756,EXAMPLE_DATA,EXAMPLE_DATA_SYNTHETIC,0
EXAMPLE_DATA_binder_0_0031,EXAMPLE_TARGET_binder_0,binder,4.401,79.1,17.32,1.198,-29.76,0.849,0.671,EXAMPLE_DATA,EXAMPLE_DATA_SYNTHETIC,0
EXAMPLE_DATA_binder_0_0032,EXAMPLE_TARGET_binder_0,binder,2.869,65.2,10.44,-1.742,-29.76,0.623,0.504,EXAMPLE_DATA,EXAMPLE_DATA_SYNTHETIC,0
EXAMPLE_DATA_binder_0_0033,EXAMPLE_TARGET_binder_0,binder,4.248,85.3,18.65,1.139,-24.08,0.421,0.677,EXAMPLE_DATA,EXAMPLE_DATA_SYNTHETIC,0
EXAMPLE_DATA_binder_0_0034,EXAMPLE_TARGET_binder_0,binder,2.722,89.7,21.94,-0.773,-45.94,0.604,0.702,EXAMPLE_DATA,EXAMPLE_DATA_SYNTHETIC,0
EXAMPLE_DATA_binder_0_0035,EXAMPLE_TARGET_binder_0,binder,1.184,86.7,8.32,-1.333,-9.26,0.693,0.541,EXAMPLE_DATA,EXAMPLE_DATA_SYNTHETIC,1
EXAMPLE_DATA_binder_0_0036,EXAMPLE_TARGET_binder_0,binder,3.345,73.2,6.33,0.362,-35.77,0.572,0.816,EXAMPLE_DATA,EXAMPLE_DATA_SYNTHETIC,0
EXAMPLE_DATA_binder_0_0037,EXAMPLE_TARGET_binder_0,binder,0.791,67.6,19.78,0.762,-25.49,0.516,0.585,EXAMPLE_DATA,EXAMPLE_DATA_SYNTHETIC,0
EXAMPLE_DATA_binder_0_0038,EXAMPLE_TARGET_binder_0,binder,3.424,84.0,14.62,-1.742,-41.94,0.699,0.487,EXAMPLE_DATA,EXAMPLE_DATA_SYNTHETIC,0
EXAMPLE_DATA_binder_0_0039,EXAMPLE_TARGET_binder_0,binder,1.278,82.1,16.23,-1.522,-38.43,0.772,0.791,EXAMPLE_DATA,EXAMPLE_DATA_SYNTHETIC,0
EXAMPLE_DATA_binder_0_0040,EXAMPLE_TARGET_binder_0,binder,3.823,81.9,12.06,-1.103,-51.15,0.409,0.598,EXAMPLE_DATA,EXAMPLE_DATA_SYNTHETIC,0
EXAMPLE_DATA_binder_0_0041,EXAMPLE_TARGET_binder_0,binder,1.108,77.4,10.5,-1.187,-15.32,0.735,0.685,EXAMPLE_DATA,EXAMPLE_DATA_SYNTHETIC,0
EXAMPLE_DATA_binder_0_0042,EXAMPLE_TARGET_binder_0,binder,2.675,76.5,3.77,-1.321,-4.91,0.485,0.761,EXAMPLE_DATA,EXAMPLE_DATA_SYNTHETIC,0
EXAMPLE_DATA_binder_0_0043,EXAMPLE_TARGET_binder_0,binder,2.474,90.0,15.93,0.929,-14.85,0.759,0.798,EXAMPLE_DATA,EXAMPLE_DATA_SYNTHETIC,0
EXAMPLE_DATA_binder_0_0044,EXAMPLE_TARGET_binder_0,binder,3.543,64.9,11.09,-0.611,-44.29,0.888,0.307,EXAMPLE_DATA,EXAMPLE_DATA_SYNTHETIC,0
EXAMPLE_DATA_binder_0_0045,EXAMPLE_TARGET_binder_0,binder,4.465,71.0,18.78,-1.394,-23.92,0.898,0.68,EXAMPLE_DATA,EXAMPLE_DATA_SYNTHETIC,0
EXAMPLE_DATA_binder_0_0046,EXAMPLE_TARGET_binder_0,binder,4.437,90.5,17.79,1.11,-21.53,0.585,0.567,EXAMPLE_DATA,EXAMPLE_DATA_SYNTHETIC,0
EXAMPLE_DATA_binder_0_0047,EXAMPLE_TARGET_binder_0,binder,1.346,81.6,13.18,0.352,-14.69,0.457,0.625,EXAMPLE_DATA,EXAMPLE_DATA_SYNTHETIC,0
EXAMPLE_DATA_binder_0_0048,EXAMPLE_TARGET_binder_0,binder,3.337,81.9,16.92,-0.18,-30.47,0.549,0.387,EXAMPLE_DATA,EXAMPLE_DATA_SYNTHETIC,0
EXAMPLE_DATA_binder_0_0049,EXAMPLE_TARGET_binder_0,binder,1.443,95.0,15.75,-0.141,-10.42,0.653,0.536,EXAMPLE_DATA,EXAMPLE_DATA_SYNTHETIC,0
EXAMPLE_DATA_binder_0_0050,EXAMPLE_TARGET_binder_0,binder,3.404,90.7,15.88,-0.709,-24.49,0.693,0.812,EXAMPLE_DATA,EXAMPLE_DATA_SYNTHETIC,0
EXAMPLE_DATA_binder_0_0051,EXAMPLE_TARGET_binder_0,binder,4.032,92.4,3.92,-1.306,-21.28,0.81,0.614,EXAMPLE_DATA,EXAMPLE_DATA_SYNTHETIC,0
EXAMPLE_DATA_binder_0_0052,EXAMPLE_TARGET_binder_0,binder,2.623,89.7,7.12,-1.737,-25.79,0.5,0.29,EXAMPLE_DATA,EXAMPLE_DATA_SYNTHETIC,0
EXAMPLE_DATA_binder_0_0053,EXAMPLE_TARGET_binder_0,binder,2.214,72.0,8.27,-0.737,-24.42,0.674,0.463,EXAMPLE_DATA,EXAMPLE_DATA_SYNTHETIC,0
EXAMPLE_DATA_binder_0_0054,EXAMPLE_TARGET_binder_0,binder,2.821,75.2,14.85,0.072,-36.96,0.558,0.577,EXAMPLE_DATA,EXAMPLE_DATA_SYNTHETIC,1
EXAMPLE_DATA_binder_0_0055,EXAMPLE_TARGET_binder_0,binder,2.155,81.2,21.73,-0.502,-10.32,0.442,0.775,EXAMPLE_DATA,EXAMPLE_DATA_SYNTHETIC,0
EXAMPLE_DATA_binder_0_0056,EXAMPLE_TARGET_binder_0,binder,0.746,78.4,6.47,1.401,-7.42,0.9,0.612,EXAMPLE_DATA,EXAMPLE_DATA_SYNTHETIC,1
EXAMPLE_DATA_binder_0_0057,EXAMPLE_TARGET_binder_0,binder,3.179,70.5,20.75,-0.461,-14.0,0.66,0.36,EXAMPLE_DATA,EXAMPLE_DATA_SYNTHETIC,0
EXAMPLE_DATA_binder_0_0058,EXAMPLE_TARGET_binder_0,binder,1.243,62.5,11.24,0.668,-22.45,0.569,0.68,EXAMPLE_DATA,EXAMPLE_DATA_SYNTHETIC,0
EXAMPLE_DATA_binder_0_0059,EXAMPLE_TARGET_binder_0,binder,3.649,90.2,7.93,-1.467,-44.44,0.625,0.557,EXAMPLE_DATA,EXAMPLE_DATA_SYNTHETIC,0
EXAMPLE_DATA_binder_0_0060,EXAMPLE_TARGET_binder_0,binder,4.0,72.7,12.65,0.08,-16.71,0.477,0.419,EXAMPLE_DATA,EXAMPLE_DATA_SYNTHETIC,0
EXAMPLE_DATA_binder_0_0061,EXAMPLE_TARGET_binder_0,binder,4.12,77.2,10.73,-0.927,-42.74,0.738,0.409,EXAMPLE_DATA,EXAMPLE_DATA_SYNTHETIC,0
EXAMPLE_DATA_binder_0_0062,EXAMPLE_TARGET_binder_0,binder,3.259,81.3,14.94,1.134,-45.99,0.478,0.323,EXAMPLE_DATA,EXAMPLE_DATA_SYNTHETIC,0
EXAMPLE_DATA_binder_0_0063,EXAMPLE_TARGET_binder_0,binder,1.33,89.4,3.43,-0.689,-29.92,0.513,0.464,EXAMPLE_DATA,EXAMPLE_DATA_SYNTHETIC,1
EXAMPLE_DATA_binder_0_0064,EXAMPLE_TARGET_binder_0,binder,4.222,76.2,10.33,0.139,-19.8,0.743,0.301,EXAMPLE_DATA,EXAMPLE_DATA_SYNTHETIC,0
EXAMPLE_DATA_binder_0_0065,EXAMPLE_TARGET_binder_0,binder,3.723,82.0,5.48,-1.707,-37.88,0.882,0.534,EXAMPLE_DATA,EXAMPLE_DATA_SYNTHETIC,0
EXAMPLE_DATA_binder_0_0066,EXAMPLE_TARGET_binder_0,binder,3.569,78.5,16.47,-0.89,-7.84,0.538,0.254,EXAMPLE_DATA,EXAMPLE_DATA_SYNTHETIC,0
EXAMPLE_DATA_binder_0_0067,EXAMPLE_TARGET_binder_0,binder,3.196,85.4,14.14,-1.597,-19.53,0.403,0.36,EXAMPLE_DATA,EXAMPLE_DATA_SYNTHETIC,0
EXAMPLE_DATA_binder_0_0068,EXAMPLE_TARGET_binder_0,binder,1.152,76.5,14.85,-0.679,-17.45,0.52,0.336,EXAMPLE_DATA,EXAMPLE_DATA_SYNTHETIC,1
EXAMPLE_DATA_binder_0_0069,EXAMPLE_TARGET_binder_0,binder,2.332,66.7,15.61,0.625,-46.31,0.758,0.463,EXAMPLE_DATA,EXAMPLE_DATA_SYNTHETIC,0
EXAMPLE_DATA_binder_0_0070,EXAMPLE_TARGET_binder_0,binder,1.74,93.9,3.48,-1.353,-42.18,0.781,0.566,EXAMPLE_DATA,EXAMPLE_DATA_SYNTHETIC,1
EXAMPLE_DATA_binder_0_0071,EXAMPLE_TARGET_binder_0,binder,3.575,66.0,7.7,0.822,-31.09,0.856,0.611,EXAMPLE_DATA,EXAMPLE_DATA_SYNTHETIC,0
EXAMPLE_DATA_binder_0_0072,EXAMPLE_TARGET_binder_0,binder,1.902,74.8,12.39,-0.346,-11.41,0.49,0.761,EXAMPLE_DATA,EXAMPLE_DATA_SYNTHETIC,0
EXAMPLE_DATA_binder_0_0073,EXAMPLE_TARGET_binder_0,binder,0.736,72.0,10.61,1.397,-51.22,0.806,0.535,EXAMPLE_DATA,EXAMPLE_DATA_SYNTHETIC,1
EXAMPLE_DATA_binder_0_0074,EXAMPLE_TARGET_binder_0,binder,2.147,70.3,8.59,-0.53,-4.0,0.639,0.82,EXAMPLE_DATA,EXAMPLE_DATA_SYNTHETIC,0
EXAMPLE_DATA_binder_0_0075,EXAMPLE_TARGET_binder_0,binder,0.806,84.6,7.18,0.017,-12.85,0.573,0.397,EXAMPLE_DATA,EXAMPLE_DATA_SYNTHETIC,0
EXAMPLE_DATA_binder_0_0076,EXAMPLE_TARGET_binder_0,binder,1.267,65.0,17.01,1.011,-7.81,0.665,0.342,EXAMPLE_DATA,EXAMPLE_DATA_SYNTHETIC,0
EXAMPLE_DATA_binder_0_0077,EXAMPLE_TARGET_binder_0,binder,3.937,84.1,8.21,0.646,-31.92,0.911,0.507,EXAMPLE_DATA,EXAMPLE_DATA_SYNTHETIC,1
EXAMPLE_DATA_binder_0_0078,EXAMPLE_TARGET_binder_0,binder,3.429,75.5,12.48,-1.304,-5.74,0.504,0.587,EXAMPLE_DATA,EXAMPLE_DATA_SYNTHETIC,0
EXAMPLE_DATA_binder_0_0079,EXAMPLE_TARGET_binder_0,binder,2.473,90.2,12.95,1.347,-17.02,0.874,0.815,EXAMPLE_DATA,EXAMPLE_DATA_SYNTHETIC,1
EXAMPLE_DATA_binder_0_0080,EXAMPLE_TARGET_binder_0,binder,1.173,83.0,8.15,-0.652,-45.79,0.796,0.763,EXAMPLE_DATA,EXAMPLE_DATA_SYNTHETIC,1
EXAMPLE_DATA_binder_0_0081,EXAMPLE_TARGET_binder_0,binder,2.201,88.9,11.83,0.558,-25.0,0.909,0.502,EXAMPLE_DATA,EXAMPLE_DATA_SYNTHETIC,1
EXAMPLE_DATA_binder_0_0082,EXAMPLE_TARGET_binder_0,binder,1.394,88.6,8.16,-0.02,-20.76,0.504,0.271,EXAMPLE_DATA,EXAMPLE_DATA_SYNTHETIC,0
EXAMPLE_DATA_binder_0_0083,EXAMPLE_TARGET_binder_0,binder,1.17,90.8,7.9,-1.135,-14.05,0.794,0.758,EXAMPLE_DATA,EXAMPLE_DATA_SYNTHETIC,0
EXAMPLE_DATA_binder_0_0084,EXAMPLE_TARGET_binder_0,binder,2.485,73.1,16.95,0.958,-37.91,0.481,0.845,EXAMPLE_DATA,EXAMPLE_DATA_SYNTHETIC,0
EXAMPLE_DATA_binder_0_0085,EXAMPLE_TARGET_binder_0,binder,3.795,65.0,20.34,0.711,-44.57,0.554,0.607,EXAMPLE_DATA,EXAMPLE_DATA_SYNTHETIC,0
EXAMPLE_DATA_binder_0_0086,EXAMPLE_TARGET_binder_0,binder,2.951,69.0,14.59,-1.951,-49.08,0.484,0.462,EXAMPLE_DATA,EXAMPLE_DATA_SYNTHETIC,0
EXAMPLE_DATA_binder_0_0087,EXAMPLE_TARGET_binder_0,binder,1.61,71.2,10.14,1.293,-36.35,0.624,0.429,EXAMPLE_DATA,EXAMPLE_DATA_SYNTHETIC,1
EXAMPLE_DATA_binder_0_0088,EXAMPLE_TARGET_binder_0,binder,1.017,84.4,16.62,-0.697,-43.8,0.613,0.513,EXAMPLE_DATA,EXAMPLE_DATA_SYNTHETIC,1
EXAMPLE_DATA_binder_0_0089,EXAMPLE_TARGET_binder_0,binder,3.059,68.6,16.07,0.656,-51.0,0.597,0.446,EXAMPLE_DATA,EXAMPLE_DATA_SYNTHETIC,0
EXAMPLE_DATA_binder_0_0090,EXAMPLE_TARGET_binder_0,binder,1.389,78.0,21.85,-1.945,-35.34,0.574,0.493,EXAMPLE_DATA,EXAMPLE_DATA_SYNTHETIC,0
EXAMPLE_DATA_binder_0_0091,EXAMPLE_TARGET_binder_0,binder,4.056,81.6,11.07,-1.117,-11.35,0.735,0.377,EXAMPLE_DATA,EXAMPLE_DATA_SYNTHETIC,0
EXAMPLE_DATA_binder_0_0092,EXAMPLE_TARGET_binder_0,binder,4.154,75.7,18.59,1.134,-43.0,0.417,0.358,EXAMPLE_DATA,EXAMPLE_DATA_SYNTHETIC,0
EXAMPLE_DATA_binder_0_0093,EXAMPLE_TARGET_binder_0,binder,2.844,68.5,17.57,-0.322,-25.9,0.553,0.524,EXAMPLE_DATA,EXAMPLE_DATA_SYNTHETIC,0
EXAMPLE_DATA_binder_0_0094,EXAMPLE_TARGET_binder_0,binder,4.148,87.6,12.42,0.953,-54.8,0.746,0.71,EXAMPLE_DATA,EXAMPLE_DATA_SYNTHETIC,0
EXAMPLE_DATA_binder_0_0095,EXAMPLE_TARGET_binder_0,binder,0.701,83.5,8.72,0.2,-41.68,0.509,0.626,EXAMPLE_DATA,EXAMPLE_DATA_SYNTHETIC,1
EXAMPLE_DATA_binder_0_0096,EXAMPLE_TARGET_binder_0,binder,4.067,92.0,13.44,0.471,-31.08,0.817,0.75,EXAMPLE_DATA,EXAMPLE_DATA_SYNTHETIC,0
EXAMPLE_DATA_binder_0_0097,EXAMPLE_TARGET_binder_0,binder,0.793,84.4,10.81,1.13,-9.43,0.678,0.476,EXAMPLE_DATA,EXAMPLE_DATA_SYNTHETIC,1
EXAMPLE_DATA_binder_0_0098,EXAMPLE_TARGET_binder_0,binder,3.293,90.6,13.97,-0.194,-27.6,0.862,0.47,EXAMPLE_DATA,EXAMPLE_DATA_SYNTHETIC,0
EXAMPLE_DATA_binder_0_0099,EXAMPLE_TARGET_binder_0,binder,1.024,77.3,8.53,-0.152,-9.77,0.493,0.535,EXAMPLE_DATA,EXAMPLE_DATA_SYNTHETIC,0
EXAMPLE_DATA_binder_0_0100,EXAMPLE_TARGET_binder_0,binder,4.276,80.7,20.51,-0.822,-14.49,0.797,0.581,EXAMPLE_DATA,EXAMPLE_DATA_SYNTHETIC,0
EXAMPLE_DATA_binder_0_0101,EXAMPLE_TARGET_binder_0,binder,1.805,94.9,15.25,1.182,-39.3,0.623,0.59,EXAMPLE_DATA,EXAMPLE_DATA_SYNTHETIC,0
EXAMPLE_DATA_binder_0_0102,EXAMPLE_TARGET_binder_0,binder,2.977,63.0,9.46,-1.999,-29.43,0.716,0.306,EXAMPLE_DATA,EXAMPLE_DATA_SYNTHETIC,0
EXAMPLE_DATA_binder_0_0103,EXAMPLE_TARGET_binder_0,binder,3.893,75.2,18.47,-1.03,-17.58,0.684,0.514,EXAMPLE_DATA,EXAMPLE_DATA_SYNTHETIC,0
EXAMPLE_DATA_binder_0_0104,EXAMPLE_TARGET_binder_0,binder,1.317,72.0,15.93,0.472,-18.92,0.799,0.298,EXAMPLE_DATA,EXAMPLE_DATA_SYNTHETIC,0
EXAMPLE_DATA_binder_0_0105,EXAMPLE_TARGET_binder_0,binder,2.056,81.3,12.57,0.193,-50.92,0.8,0.324,EXAMPLE_DATA,EXAMPLE_DATA_SYNTHETIC,0
EXAMPLE_DATA_binder_0_0106,EXAMPLE_TARGET_binder_0,binder,2.571,84.8,10.05,-1.839,-3.9,0.672,0.695,EXAMPLE_DATA,EXAMPLE_DATA_SYNTHETIC,0
EXAMPLE_DATA_binder_0_0107,EXAMPLE_TARGET_binder_0,binder,2.846,66.2,15.2,-1.395,-11.35,0.754,0.814,EXAMPLE_DATA,EXAMPLE_DATA_SYNTHETIC,0
EXAMPLE_DATA_binder_0_0108,EXAMPLE_TARGET_binder_0,binder,2.817,88.2,16.53,-0.802,-20.27,0.886,0.661,EXAMPLE_DATA,EXAMPLE_DATA_SYNTHETIC,0
EXAMPLE_DATA_binder_0_0109,EXAMPLE_TARGET_binder_0,binder,3.845,91.1,5.03,-0.982,-13.12,0.543,0.294,EXAMPLE_DATA,EXAMPLE_DATA_SYNTHETIC,0
EXAMPLE_DATA_binder_0_0110,EXAMPLE_TARGET_binder_0,binder,3.139,73.7,13.64,-1.925,-25.18,0.846,0.297,EXAMPLE_DATA,EXAMPLE_DATA_SYNTHETIC,0
EXAMPLE_DATA_binder_0_0111,EXAMPLE_TARGET_binder_0,binder,2.144,62.4,18.73,-0.263,-31.9,0.713,0.76,EXAMPLE_DATA,EXAMPLE_DATA_SYNTHETIC,0
EXAMPLE_DATA_binder_0_0112,EXAMPLE_TARGET_binder_0,binder,0.888,71.1,4.26,-1.855,-25.71,0.496,0.295,EXAMPLE_DATA,EXAMPLE_DATA_SYNTHETIC,1
EXAMPLE_DATA_binder_0_0113,EXAMPLE_TARGET_binder_0,binder,1.06,95.0,15.67,0.54,-25.15,0.437,0.755,EXAMPLE_DATA,EXAMPLE_DATA_SYNTHETIC,1
EXAMPLE_DATA_binder_0_0114,EXAMPLE_TARGET_binder_0,binder,1.214,65.8,12.92,-0.009,-27.51,0.719,0.777,EXAMPLE_DATA,EXAMPLE_DATA_SYNTHETIC,0
EXAMPLE_DATA_binder_0_0115,EXAMPLE_TARGET_binder_0,binder,1.675,72.4,13.66,0.784,-31.62,0.421,0.363,EXAMPLE_DATA,EXAMPLE_DATA_SYNTHETIC,1
EXAMPLE_DATA_binder_0_0116,EXAMPLE_TARGET_binder_0,binder,3.301,82.1,15.58,-0.409,-49.18,0.554,0.557,EXAMPLE_DATA,EXAMPLE_DATA_SYNTHETIC,0
EXAMPLE_DATA_binder_0_0117,EXAMPLE_TARGET_binder_0,binder,3.836,76.7,19.06,-1.071,-5.08,0.458,0.712,EXAMPLE_DATA,EXAMPLE_DATA_SYNTHETIC,0
EXAMPLE_DATA_binder_0_0118,EXAMPLE_TARGET_binder_0,binder,4.008,73.9,20.72,1.253,-12.59,0.606,0.765,EXAMPLE_DATA,EXAMPLE_DATA_SYNTHETIC,0
EXAMPLE_DATA_binder_0_0119,EXAMPLE_TARGET_binder_0,binder,3.937,89.8,5.58,1.033,-27.49,0.787,0.411,EXAMPLE_DATA,EXAMPLE_DATA_SYNTHETIC,0
EXAMPLE_DATA_binder_1_0000,EXAMPLE_TARGET_binder_1,binder,2.981,67.0,9.95,1.007,-30.18,0.575,0.455,EXAMPLE_DATA,EXAMPLE_DATA_SYNTHETIC,1
EXAMPLE_DATA_binder_1_0001,EXAMPLE_TARGET_binder_1,binder,4.304,72.6,17.37,-1.0,-14.3,0.409,0.328,EXAMPLE_DATA,EXAMPLE_DATA_SYNTHETIC,0
EXAMPLE_DATA_binder_1_0002,EXAMPLE_TARGET_binder_1,binder,1.925,78.4,5.03,-0.017,-49.91,0.474,0.731,EXAMPLE_DATA,EXAMPLE_DATA_SYNTHETIC,1
EXAMPLE_DATA_binder_1_0003,EXAMPLE_TARGET_binder_1,binder,2.987,67.0,4.0,0.907,-33.95,0.85,0.696,EXAMPLE_DATA,EXAMPLE_DATA_SYNTHETIC,1
EXAMPLE_DATA_binder_1_0004,EXAMPLE_TARGET_binder_1,binder,1.351,78.8,9.8,0.912,-30.13,0.688,0.482,EXAMPLE_DATA,EXAMPLE_DATA_SYNTHETIC,0
EXAMPLE_DATA_binder_1_0005,EXAMPLE_TARGET_binder_1,binder,3.306,88.2,10.57,-1.583,-11.65,0.58,0.665,EXAMPLE_DATA,EXAMPLE_DATA_SYNTHETIC,0
EXAMPLE_DATA_binder_1_0006,EXAMPLE_TARGET_binder_1,binder,4.145,62.5,14.47,-1.659,-8.76,0.899,0.27,EXAMPLE_DATA,EXAMPLE_DATA_SYNTHETIC,0
EXAMPLE_DATA_binder_1_0007,EXAMPLE_TARGET_binder_1,binder,3.31,95.4,17.37,0.08,-26.42,0.405,0.72,EXAMPLE_DATA,EXAMPLE_DATA_SYNTHETIC,0
EXAMPLE_DATA_binder_1_0008,EXAMPLE_TARGET_binder_1,binder,2.778,74.6,14.51,-1.942,-46.26,0.681,0.616,EXAMPLE_DATA,EXAMPLE_DATA_SYNTHETIC,0
EXAMPLE_DATA_binder_1_0009,EXAMPLE_TARGET_binder_1,binder,3.897,71.8,12.91,1.171,-17.74,0.507,0.83,EXAMPLE_DATA,EXAMPLE_DATA_SYNTHETIC,0
EXAMPLE_DATA_binder_1_0010,EXAMPLE_TARGET_binder_1,binder,2.42,88.9,20.5,1.16,-12.36,0.568,0.798,EXAMPLE_DATA,EXAMPLE_DATA_SYNTHETIC,0
EXAMPLE_DATA_binder_1_0011,EXAMPLE_TARGET_binder_1,binder,3.156,87.4,3.96,-1.059,-35.44,0.841,0.251,EXAMPLE_DATA,EXAMPLE_DATA_SYNTHETIC,0
EXAMPLE_DATA_binder_1_0012,EXAMPLE_TARGET_binder_1,binder,3.043,93.8,4.17,-0.092,-43.22,0.765,0.741,EXAMPLE_DATA,EXAMPLE_DATA_SYNTHETIC,1
EXAMPLE_DATA_binder_1_0013,EXAMPLE_TARGET_binder_1,binder,1.374,78.3,5.49,-0.924,-35.17,0.762,0.44,EXAMPLE_DATA,EXAMPLE_DATA_SYNTHETIC,1
EXAMPLE_DATA_binder_1_0014,EXAMPLE_TARGET_binder_1,binder,3.686,72.0,4.07,-1.17,-26.06,0.856,0.645,EXAMPLE_DATA,EXAMPLE_DATA_SYNTHETIC,1
EXAMPLE_DATA_binder_1_0015,EXAMPLE_TARGET_binder_1,binder,2.593,73.3,9.6,1.358,-46.34,0.446,0.433,EXAMPLE_DATA,EXAMPLE_DATA_SYNTHETIC,1
EXAMPLE_DATA_binder_1_0016,EXAMPLE_TARGET_binder_1,binder,3.382,85.6,11.33,0.921,-37.84,0.724,0.574,EXAMPLE_DATA,EXAMPLE_DATA_SYNTHETIC,0
EXAMPLE_DATA_binder_1_0017,EXAMPLE_TARGET_binder_1,binder,2.84,95.2,17.89,-0.317,-44.59,0.54,0.275,EXAMPLE_DATA,EXAMPLE_DATA_SYNTHETIC,0
EXAMPLE_DATA_binder_1_0018,EXAMPLE_TARGET_binder_1,binder,3.202,80.1,10.92,-0.768,-52.85,0.911,0.295,EXAMPLE_DATA,EXAMPLE_DATA_SYNTHETIC,0
EXAMPLE_DATA_binder_1_0019,EXAMPLE_TARGET_binder_1,binder,1.218,89.0,5.88,-0.81,-54.3,0.884,0.443,EXAMPLE_DATA,EXAMPLE_DATA_SYNTHETIC,1
EXAMPLE_DATA_binder_1_0020,EXAMPLE_TARGET_binder_1,binder,3.464,70.9,12.35,0.739,-17.97,0.83,0.577,EXAMPLE_DATA,EXAMPLE_DATA_SYNTHETIC,0
EXAMPLE_DATA_binder_1_0021,EXAMPLE_TARGET_binder_1,binder,1.427,85.7,3.05,0.744,-54.62,0.721,0.607,EXAMPLE_DATA,EXAMPLE_DATA_SYNTHETIC,1
EXAMPLE_DATA_binder_1_0022,EXAMPLE_TARGET_binder_1,binder,3.58,80.2,15.78,0.48,-44.09,0.882,0.447,EXAMPLE_DATA,EXAMPLE_DATA_SYNTHETIC,1
EXAMPLE_DATA_binder_1_0023,EXAMPLE_TARGET_binder_1,binder,4.486,84.2,11.77,-0.019,-53.56,0.525,0.835,EXAMPLE_DATA,EXAMPLE_DATA_SYNTHETIC,0
EXAMPLE_DATA_binder_1_0024,EXAMPLE_TARGET_binder_1,binder,2.878,88.3,19.2,1.014,-14.71,0.581,0.599,EXAMPLE_DATA,EXAMPLE_DATA_SYNTHETIC,0
EXAMPLE_DATA_binder_1_0025,EXAMPLE_TARGET_binder_1,binder,1.009,77.6,8.9,-1.987,-27.61,0.594,0.78,EXAMPLE_DATA,EXAMPLE_DATA_SYNTHETIC,0
EXAMPLE_DATA_binder_1_0026,EXAMPLE_TARGET_binder_1,binder,2.859,72.2,11.88,-0.713,-42.41,0.446,0.281,EXAMPLE_DATA,EXAMPLE_DATA_SYNTHETIC,1
EXAMPLE_DATA_binder_1_0027,EXAMPLE_TARGET_binder_1,binder,1.272,66.2,10.09,-1.166,-54.77,0.417,0.844,EXAMPLE_DATA,EXAMPLE_DATA_SYNTHETIC,0
EXAMPLE_DATA_binder_1_0028,EXAMPLE_TARGET_binder_1,binder,3.079,80.8,10.39,0.567,-5.34,0.606,0.475,EXAMPLE_DATA,EXAMPLE_DATA_SYNTHETIC,0
EXAMPLE_DATA_binder_1_0029,EXAMPLE_TARGET_binder_1,binder,1.361,75.2,15.86,-1.948,-47.67,0.82,0.449,EXAMPLE_DATA,EXAMPLE_DATA_SYNTHETIC,1
EXAMPLE_DATA_binder_1_0030,EXAMPLE_TARGET_binder_1,binder,2.793,62.9,6.94,-0.432,-27.24,0.465,0.525,EXAMPLE_DATA,EXAMPLE_DATA_SYNTHETIC,0
EXAMPLE_DATA_binder_1_0031,EXAMPLE_TARGET_binder_1,binder,2.103,78.9,18.18,-1.079,-47.57,0.904,0.774,EXAMPLE_DATA,EXAMPLE_DATA_SYNTHETIC,1
EXAMPLE_DATA_binder_1_0032,EXAMPLE_TARGET_binder_1,binder,0.834,87.3,18.01,1.378,-53.1,0.823,0.452,EXAMPLE_DATA,EXAMPLE_DATA_SYNTHETIC,0
EXAMPLE_DATA_binder_1_0033,EXAMPLE_TARGET_binder_1,binder,1.656,95.8,3.72,-1.598,-29.52,0.774,0.806,EXAMPLE_DATA,EXAMPLE_DATA_SYNTHETIC,0
EXAMPLE_DATA_binder_1_0034,EXAMPLE_TARGET_binder_1,binder,2.377,75.8,14.2,0.422,-7.15,0.708,0.794,EXAMPLE_DATA,EXAMPLE_DATA_SYNTHETIC,0
EXAMPLE_DATA_binder_1_0035,EXAMPLE_TARGET_binder_1,binder,4.493,64.7,16.44,1.161,-7.59,0.854,0.417,EXAMPLE_DATA,EXAMPLE_DATA_SYNTHETIC,0
EXAMPLE_DATA_binder_1_0036,EXAMPLE_TARGET_binder_1,binder,4.385,71.0,15.55,0.659,-47.23,0.853,0.553,EXAMPLE_DATA,EXAMPLE_DATA_SYNTHETIC,0
EXAMPLE_DATA_binder_1_0037,EXAMPLE_TARGET_binder_1,binder,4.3,68.2,18.86,1.02,-4.79,0.738,0.471,EXAMPLE_DATA,EXAMPLE_DATA_SYNTHETIC,0
EXAMPLE_DATA_binder_1_0038,EXAMPLE_TARGET_binder_1,binder,4.486,86.6,9.45,1.216,-17.24,0.573,0.808,EXAMPLE_DATA,EXAMPLE_DATA_SYNTHETIC,0
EXAMPLE_DATA_binder_1_0039,EXAMPLE_TARGET_binder_1,binder,0.813,85.8,5.05,-1.83,-20.23,0.904,0.289,EXAMPLE_DATA,EXAMPLE_DATA_SYNTHETIC,1
EXAMPLE_DATA_binder_1_0040,EXAMPLE_TARGET_binder_1,binder,3.973,62.4,6.69,1.413,-24.5,0.468,0.253,EXAMPLE_DATA,EXAMPLE_DATA_SYNTHETIC,0
EXAMPLE_DATA_binder_1_0041,EXAMPLE_TARGET_binder_1,binder,2.725,85.1,5.93,-0.886,-52.19,0.918,0.504,EXAMPLE_DATA,EXAMPLE_DATA_SYNTHETIC,0
EXAMPLE_DATA_binder_1_0042,EXAMPLE_TARGET_binder_1,binder,1.24,68.6,3.29,0.409,-2.55,0.448,0.349,EXAMPLE_DATA,EXAMPLE_DATA_SYNTHETIC,1
EXAMPLE_DATA_binder_1_0043,EXAMPLE_TARGET_binder_1,binder,4.302,74.4,11.13,-0.998,-12.37,0.498,0.478,EXAMPLE_DATA,EXAMPLE_DATA_SYNTHETIC,0
EXAMPLE_DATA_binder_1_0044,EXAMPLE_TARGET_binder_1,binder,3.789,64.9,19.42,0.77,-30.05,0.688,0.516,EXAMPLE_DATA,EXAMPLE_DATA_SYNTHETIC,0
EXAMPLE_DATA_binder_1_0045,EXAMPLE_TARGET_binder_1,binder,4.17,82.4,4.87,-0.07,-22.22,0.822,0.599,EXAMPLE_DATA,EXAMPLE_DATA_SYNTHETIC,0
EXAMPLE_DATA_binder_1_0046,EXAMPLE_TARGET_binder_1,binder,1.826,86.7,16.07,1.231,-14.45,0.602,0.279,EXAMPLE_DATA,EXAMPLE_DATA_SYNTHETIC,1
EXAMPLE_DATA_binder_1_0047,EXAMPLE_TARGET_binder_1,binder,0.899,62.8,13.89,0.756,-51.28,0.566,0.478,EXAMPLE_DATA,EXAMPLE_DATA_SYNTHETIC,1
EXAMPLE_DATA_binder_1_0048,EXAMPLE_TARGET_binder_1,binder,2.238,93.3,16.06,0.353,-17.26,0.682,0.53,EXAMPLE_DATA,EXAMPLE_DATA_SYNTHETIC,0
EXAMPLE_DATA_binder_1_0049,EXAMPLE_TARGET_binder_1,binder,2.244,65.2,6.65,1.442,-4.03,0.402,0.297,EXAMPLE_DATA,EXAMPLE_DATA_SYNTHETIC,0
EXAMPLE_DATA_binder_1_0050,EXAMPLE_TARGET_binder_1,binder,3.222,69.1,10.54,-0.859,-41.94,0.803,0.432,EXAMPLE_DATA,EXAMPLE_DATA_SYNTHETIC,0
EXAMPLE_DATA_binder_1_0051,EXAMPLE_TARGET_binder_1,binder,4.101,67.2,8.62,1.443,-52.49,0.836,0.348,EXAMPLE_DATA,EXAMPLE_DATA_SYNTHETIC,0
EXAMPLE_DATA_binder_1_0052,EXAMPLE_TARGET_binder_1,binder,1.152,74.8,12.66,0.283,-37.18,0.529,0.795,EXAMPLE_DATA,EXAMPLE_DATA_SYNTHETIC,0
EXAMPLE_DATA_binder_1_0053,EXAMPLE_TARGET_binder_1,binder,1.267,69.9,16.9,0.636,-27.81,0.411,0.384,EXAMPLE_DATA,EXAMPLE_DATA_SYNTHETIC,0
EXAMPLE_DATA_binder_1_0054,EXAMPLE_TARGET_binder_1,binder,2.444,88.1,20.22,-0.624,-6.03,0.754,0.613,EXAMPLE_DATA,EXAMPLE_DATA_SYNTHETIC,0
EXAMPLE_DATA_binder_1_0055,EXAMPLE_TARGET_binder_1,binder,1.931,71.5,12.22,-0.573,-41.1,0.438,0.834,EXAMPLE_DATA,EXAMPLE_DATA_SYNTHETIC,0
EXAMPLE_DATA_binder_1_0056,EXAMPLE_TARGET_binder_1,binder,3.893,78.6,18.88,-1.423,-47.28,0.522,0.766,EXAMPLE_DATA,EXAMPLE_DATA_SYNTHETIC,0
EXAMPLE_DATA_binder_1_0057,EXAMPLE_TARGET_binder_1,binder,4.247,91.3,10.37,0.1,-2.8,0.767,0.369,EXAMPLE_DATA,EXAMPLE_DATA_SYNTHETIC,0
EXAMPLE_DATA_binder_1_0058,EXAMPLE_TARGET_binder_1,binder,2.723,77.9,17.16,-0.411,-21.44,0.404,0.708,EXAMPLE_DATA,EXAMPLE_DATA_SYNTHETIC,0
EXAMPLE_DATA_binder_1_0059,EXAMPLE_TARGET_binder_1,binder,3.804,78.1,16.97,-0.288,-48.98,0.417,0.459,EXAMPLE_DATA,EXAMPLE_DATA_SYNTHETIC,0
EXAMPLE_DATA_binder_1_0060,EXAMPLE_TARGET_binder_1,binder,1.122,63.1,13.03,-1.131,-21.15,0.554,0.516,EXAMPLE_DATA,EXAMPLE_DATA_SYNTHETIC,0
EXAMPLE_DATA_binder_1_0061,EXAMPLE_TARGET_binder_1,binder,2.861,80.0,4.94,1.01,-17.16,0.477,0.316,EXAMPLE_DATA,EXAMPLE_DATA_SYNTHETIC,0
EXAMPLE_DATA_binder_1_0062,EXAMPLE_TARGET_binder_1,binder,1.63,69.8,14.93,-1.582,-43.71,0.876,0.321,EXAMPLE_DATA,EXAMPLE_DATA_SYNTHETIC,0
EXAMPLE_DATA_binder_1_0063,EXAMPLE_TARGET_binder_1,binder,3.668,77.2,21.42,-0.856,-23.53,0.506,0.526,EXAMPLE_DATA,EXAMPLE_DATA_SYNTHETIC,0
EXAMPLE_DATA_binder_1_0064,EXAMPLE_TARGET_binder_1,binder,1.4,92.1,20.04,0.69,-8.05,0.557,0.281,EXAMPLE_DATA,EXAMPLE_DATA_SYNTHETIC,0
EXAMPLE_DATA_binder_1_0065,EXAMPLE_TARGET_binder_1,binder,0.867,88.4,9.11,1.332,-2.82,0.713,0.795,EXAMPLE_DATA,EXAMPLE_DATA_SYNTHETIC,0
EXAMPLE_DATA_binder_1_0066,EXAMPLE_TARGET_binder_1,binder,3.475,81.0,3.47,-0.779,-54.54,0.561,0.531,EXAMPLE_DATA,EXAMPLE_DATA_SYNTHETIC,0
EXAMPLE_DATA_binder_1_0067,EXAMPLE_TARGET_binder_1,binder,0.812,94.3,7.01,-1.706,-22.88,0.749,0.443,EXAMPLE_DATA,EXAMPLE_DATA_SYNTHETIC,1
EXAMPLE_DATA_binder_1_0068,EXAMPLE_TARGET_binder_1,binder,1.354,90.7,11.53,-0.041,-14.31,0.647,0.784,EXAMPLE_DATA,EXAMPLE_DATA_SYNTHETIC,1
EXAMPLE_DATA_binder_1_0069,EXAMPLE_TARGET_binder_1,binder,1.346,70.1,14.65,0.107,-34.79,0.405,0.519,EXAMPLE_DATA,EXAMPLE_DATA_SYNTHETIC,0
EXAMPLE_DATA_binder_1_0070,EXAMPLE_TARGET_binder_1,binder,2.898,92.1,16.13,-1.68,-28.99,0.894,0.569,EXAMPLE_DATA,EXAMPLE_DATA_SYNTHETIC,0
EXAMPLE_DATA_binder_1_0071,EXAMPLE_TARGET_binder_1,binder,3.656,87.0,15.55,0.978,-32.19,0.577,0.787,EXAMPLE_DATA,EXAMPLE_DATA_SYNTHETIC,0
EXAMPLE_DATA_binder_1_0072,EXAMPLE_TARGET_binder_1,binder,1.378,73.4,18.24,-1.563,-35.24,0.737,0.448,EXAMPLE_DATA,EXAMPLE_DATA_SYNTHETIC,0
EXAMPLE_DATA_binder_1_0073,EXAMPLE_TARGET_binder_1,binder,2.941,74.0,5.08,-1.026,-11.74,0.565,0.457,EXAMPLE_DATA,EXAMPLE_DATA_SYNTHETIC,0
EXAMPLE_DATA_binder_1_0074,EXAMPLE_TARGET_binder_1,binder,2.881,65.8,7.93,0.77,-34.9,0.883,0.478,EXAMPLE_DATA,EXAMPLE_DATA_SYNTHETIC,0
EXAMPLE_DATA_binder_1_0075,EXAMPLE_TARGET_binder_1,binder,1.759,80.6,18.21,-1.131,-39.35,0.617,0.468,EXAMPLE_DATA,EXAMPLE_DATA_SYNTHETIC,0
EXAMPLE_DATA_binder_1_0076,EXAMPLE_TARGET_binder_1,binder,2.941,94.2,10.64,0.402,-46.07,0.834,0.447,EXAMPLE_DATA,EXAMPLE_DATA_SYNTHETIC,1
EXAMPLE_DATA_binder_1_0077,EXAMPLE_TARGET_binder_1,binder,1.258,89.7,15.84,-1.983,-14.63,0.726,0.819,EXAMPLE_DATA,EXAMPLE_DATA_SYNTHETIC,0
EXAMPLE_DATA_binder_1_0078,EXAMPLE_TARGET_binder_1,binder,1.122,76.3,10.54,-0.25,-41.79,0.57,0.288,EXAMPLE_DATA,EXAMPLE_DATA_SYNTHETIC,1
EXAMPLE_DATA_binder_1_0079,EXAMPLE_TARGET_binder_1,binder,3.287,71.4,18.99,-1.166,-48.61,0.806,0.387,EXAMPLE_DATA,EXAMPLE_DATA_SYNTHETIC,0
EXAMPLE_DATA_binder_1_0080,EXAMPLE_TARGET_binder_1,binder,0.937,81.0,3.35,-0.501,-32.99,0.444,0.299,EXAMPLE_DATA,EXAMPLE_DATA_SYNTHETIC,1
EXAMPLE_DATA_binder_1_0081,EXAMPLE_TARGET_binder_1,binder,3.481,74.5,7.99,1.329,-53.81,0.726,0.261,EXAMPLE_DATA,EXAMPLE_DATA_SYNTHETIC,0
EXAMPLE_DATA_binder_1_0082,EXAMPLE_TARGET_binder_1,binder,1.005,88.6,13.87,-1.729,-3.21,0.458,0.545,EXAMPLE_DATA,EXAMPLE_DATA_SYNTHETIC,0
EXAMPLE_DATA_binder_1_0083,EXAMPLE_TARGET_binder_1,binder,3.954,85.0,9.69,-1.355,-52.6,0.571,0.288,EXAMPLE_DATA,EXAMPLE_DATA_SYNTHETIC,0
EXAMPLE_DATA_binder_1_0084,EXAMPLE_TARGET_binder_1,binder,1.466,74.7,3.13,1.194,-10.43,0.449,0.661,EXAMPLE_DATA,EXAMPLE_DATA_SYNTHETIC,0
EXAMPLE_DATA_binder_1_0085,EXAMPLE_TARGET_binder_1,binder,1.379,68.1,21.13,-1.271,-31.95,0.487,0.445,EXAMPLE_DATA,EXAMPLE_DATA_SYNTHETIC,0
EXAMPLE_DATA_binder_1_0086,EXAMPLE_TARGET_binder_1,binder,2.711,94.5,18.35,0.602,-39.27,0.557,0.525,EXAMPLE_DATA,EXAMPLE_DATA_SYNTHETIC,0
EXAMPLE_DATA_binder_1_0087,EXAMPLE_TARGET_binder_1,binder,1.447,74.9,9.39,1.294,-22.93,0.852,0.309,EXAMPLE_DATA,EXAMPLE_DATA_SYNTHETIC,0
EXAMPLE_DATA_binder_1_0088,EXAMPLE_TARGET_binder_1,binder,2.362,80.7,8.18,-0.484,-47.97,0.916,0.58,EXAMPLE_DATA,EXAMPLE_DATA_SYNTHETIC,1
EXAMPLE_DATA_binder_1_0089,EXAMPLE_TARGET_binder_1,binder,2.334,83.6,5.99,-0.615,-28.61,0.659,0.742,EXAMPLE_DATA,EXAMPLE_DATA_SYNTHETIC,0
EXAMPLE_DATA_binder_1_0090,EXAMPLE_TARGET_binder_1,binder,1.717,72.5,11.97,-1.075,-53.36,0.504,0.597,EXAMPLE_DATA,EXAMPLE_DATA_SYNTHETIC,1
EXAMPLE_DATA_binder_1_0091,EXAMPLE_TARGET_binder_1,binder,1.683,65.3,6.43,-1.109,-10.51,0.515,0.747,EXAMPLE_DATA,EXAMPLE_DATA_SYNTHETIC,0
EXAMPLE_DATA_binder_1_0092,EXAMPLE_TARGET_binder_1,binder,3.564,65.9,20.86,0.947,-31.49,0.625,0.269,EXAMPLE_DATA,EXAMPLE_DATA_SYNTHETIC,0
EXAMPLE_DATA_binder_1_0093,EXAMPLE_TARGET_binder_1,binder,1.12,95.7,3.41,1.468,-39.3,0.64,0.577,EXAMPLE_DATA,EXAMPLE_DATA_SYNTHETIC,1
EXAMPLE_DATA_binder_1_0094,EXAMPLE_TARGET_binder_1,binder,0.892,90.0,21.47,-1.561,-9.43,0.775,0.7,EXAMPLE_DATA,EXAMPLE_DATA_SYNTHETIC,0
EXAMPLE_DATA_binder_1_0095,EXAMPLE_TARGET_binder_1,binder,3.324,94.7,15.52,-1.181,-26.55,0.463,0.681,EXAMPLE_DATA,EXAMPLE_DATA_SYNTHETIC,0
EXAMPLE_DATA_binder_1_0096,EXAMPLE_TARGET_binder_1,binder,0.733,64.1,15.96,0.423,-24.51,0.518,0.648,EXAMPLE_DATA,EXAMPLE_DATA_SYNTHETIC,0
EXAMPLE_DATA_binder_1_0097,EXAMPLE_TARGET_binder_1,binder,2.875,74.1,7.16,0.536,-45.41,0.482,0.63,EXAMPLE_DATA,EXAMPLE_DATA_SYNTHETIC,1
EXAMPLE_DATA_binder_1_0098,EXAMPLE_TARGET_binder_1,binder,1.697,65.4,20.36,-1.971,-36.4,0.482,0.53,EXAMPLE_DATA,EXAMPLE_DATA_SYNTHETIC,0
EXAMPLE_DATA_binder_1_0099,EXAMPLE_TARGET_binder_1,binder,2.069,68.3,16.4,-0.103,-16.82,0.423,0.354,EXAMPLE_DATA,EXAMPLE_DATA_SYNTHETIC,0
EXAMPLE_DATA_binder_1_0100,EXAMPLE_TARGET_binder_1,binder,2.864,81.1,13.32,-0.019,-32.87,0.545,0.561,EXAMPLE_DATA,EXAMPLE_DATA_SYNTHETIC,0
EXAMPLE_DATA_binder_1_0101,EXAMPLE_TARGET_binder_1,binder,4.321,63.8,17.86,-1.217,-37.17,0.417,0.831,EXAMPLE_DATA,EXAMPLE_DATA_SYNTHETIC,0
EXAMPLE_DATA_binder_1_0102,EXAMPLE_TARGET_binder_1,binder,1.922,95.2,4.14,1.213,-40.19,0.441,0.625,EXAMPLE_DATA,EXAMPLE_DATA_SYNTHETIC,1
EXAMPLE_DATA_binder_1_0103,EXAMPLE_TARGET_binder_1,binder,2.017,70.9,8.91,-1.764,-28.22,0.578,0.35,EXAMPLE_DATA,EXAMPLE_DATA_SYNTHETIC,0
EXAMPLE_DATA_binder_1_0104,EXAMPLE_TARGET_binder_1,binder,3.767,66.6,20.36,-0.569,-6.53,0.443,0.84,EXAMPLE_DATA,EXAMPLE_DATA_SYNTHETIC,0
EXAMPLE_DATA_binder_1_0105,EXAMPLE_TARGET_binder_1,binder,3.415,87.7,7.65,0.618,-27.82,0.424,0.309,EXAMPLE_DATA,EXAMPLE_DATA_SYNTHETIC,0
EXAMPLE_DATA_binder_1_0106,EXAMPLE_TARGET_binder_1,binder,2.317,71.3,13.16,-0.844,-38.67,0.503,0.461,EXAMPLE_DATA,EXAMPLE_DATA_SYNTHETIC,0
EXAMPLE_DATA_binder_1_0107,EXAMPLE_TARGET_binder_1,binder,2.132,63.3,7.11,-0.326,-40.26,0.859,0.285,EXAMPLE_DATA,EXAMPLE_DATA_SYNTHETIC,0
EXAMPLE_DATA_binder_1_0108,EXAMPLE_TARGET_binder_1,binder,4.199,78.5,10.66,-1.875,-30.37,0.738,0.453,EXAMPLE_DATA,EXAMPLE_DATA_SYNTHETIC,0
EXAMPLE_DATA_binder_1_0109,EXAMPLE_TARGET_binder_1,binder,1.317,81.0,11.68,1.482,-46.37,0.73,0.37,EXAMPLE_DATA,EXAMPLE_DATA_SYNTHETIC,1
EXAMPLE_DATA_binder_1_0110,EXAMPLE_TARGET_binder_1,binder,2.589,74.3,19.89,1.052,-34.73,0.449,0.456,EXAMPLE_DATA,EXAMPLE_DATA_SYNTHETIC,0
EXAMPLE_DATA_binder_1_0111,EXAMPLE_TARGET_binder_1,binder,3.127,79.2,3.31,1.381,-54.29,0.674,0.509,EXAMPLE_DATA,EXAMPLE_DATA_SYNTHETIC,0
EXAMPLE_DATA_binder_1_0112,EXAMPLE_TARGET_binder_1,binder,2.004,81.2,5.48,-1.816,-10.47,0.467,0.331,EXAMPLE_DATA,EXAMPLE_DATA_SYNTHETIC,0
EXAMPLE_DATA_binder_1_0113,EXAMPLE_TARGET_binder_1,binder,3.667,64.5,3.59,-0.673,-9.05,0.47,0.253,EXAMPLE_DATA,EXAMPLE_DATA_SYNTHETIC,0
EXAMPLE_DATA_binder_1_0114,EXAMPLE_TARGET_binder_1,binder,2.364,69.8,16.5,0.981,-30.94,0.881,0.68,EXAMPLE_DATA,EXAMPLE_DATA_SYNTHETIC,0
EXAMPLE_DATA_binder_1_0115,EXAMPLE_TARGET_binder_1,binder,2.193,83.4,6.33,-0.176,-43.31,0.74,0.434,EXAMPLE_DATA,EXAMPLE_DATA_SYNTHETIC,1
EXAMPLE_DATA_binder_1_0116,EXAMPLE_TARGET_binder_1,binder,2.843,68.2,8.61,1.011,-28.43,0.446,0.687,EXAMPLE_DATA,EXAMPLE_DATA_SYNTHETIC,0
EXAMPLE_DATA_binder_1_0117,EXAMPLE_TARGET_binder_1,binder,2.541,77.1,14.09,-0.48,-23.15,0.766,0.844,EXAMPLE_DATA,EXAMPLE_DATA_SYNTHETIC,0
EXAMPLE_DATA_binder_1_0118,EXAMPLE_TARGET_binder_1,binder,3.406,93.1,3.44,-1.874,-3.2,0.684,0.281,EXAMPLE_DATA,EXAMPLE_DATA_SYNTHETIC,0
EXAMPLE_DATA_binder_1_0119,EXAMPLE_TARGET_binder_1,binder,1.103,75.7,15.61,0.87,-9.74,0.601,0.838,EXAMPLE_DATA,EXAMPLE_DATA_SYNTHETIC,0
EXAMPLE_DATA_enzyme_2_0000,EXAMPLE_TARGET_enzyme_2,enzyme,1.388,84.8,11.51,-2.388,-38.21,0.556,0.258,EXAMPLE_DATA,EXAMPLE_DATA_SYNTHETIC,1
EXAMPLE_DATA_enzyme_2_0001,EXAMPLE_TARGET_enzyme_2,enzyme,2.79,83.3,4.76,-0.966,-12.68,0.835,0.768,EXAMPLE_DATA,EXAMPLE_DATA_SYNTHETIC,0
EXAMPLE_DATA_enzyme_2_0002,EXAMPLE_TARGET_enzyme_2,enzyme,3.776,61.6,19.62,-0.817,-6.03,0.497,0.762,EXAMPLE_DATA,EXAMPLE_DATA_SYNTHETIC,0
EXAMPLE_DATA_enzyme_2_0003,EXAMPLE_TARGET_enzyme_2,enzyme,1.188,75.3,13.37,-1.013,-4.29,0.673,0.253,EXAMPLE_DATA,EXAMPLE_DATA_SYNTHETIC,0
EXAMPLE_DATA_enzyme_2_0004,EXAMPLE_TARGET_enzyme_2,enzyme,1.183,82.5,16.93,-1.426,-20.5,0.865,0.465,EXAMPLE_DATA,EXAMPLE_DATA_SYNTHETIC,1
EXAMPLE_DATA_enzyme_2_0005,EXAMPLE_TARGET_enzyme_2,enzyme,3.004,82.5,4.53,0.977,-21.66,0.744,0.559,EXAMPLE_DATA,EXAMPLE_DATA_SYNTHETIC,0
EXAMPLE_DATA_enzyme_2_0006,EXAMPLE_TARGET_enzyme_2,enzyme,3.276,83.5,8.32,-1.792,-36.41,0.677,0.327,EXAMPLE_DATA,EXAMPLE_DATA_SYNTHETIC,0
EXAMPLE_DATA_enzyme_2_0007,EXAMPLE_TARGET_enzyme_2,enzyme,1.68,63.2,8.93,-1.77,-18.19,0.614,0.415,EXAMPLE_DATA,EXAMPLE_DATA_SYNTHETIC,0
EXAMPLE_DATA_enzyme_2_0008,EXAMPLE_TARGET_enzyme_2,enzyme,2.049,71.4,16.15,-0.542,-39.55,0.609,0.335,EXAMPLE_DATA,EXAMPLE_DATA_SYNTHETIC,0
EXAMPLE_DATA_enzyme_2_0009,EXAMPLE_TARGET_enzyme_2,enzyme,3.127,64.3,12.01,-0.778,-22.42,0.59,0.612,EXAMPLE_DATA,EXAMPLE_DATA_SYNTHETIC,0
EXAMPLE_DATA_enzyme_2_0010,EXAMPLE_TARGET_enzyme_2,enzyme,2.788,67.0,9.74,0.912,-34.32,0.811,0.443,EXAMPLE_DATA,EXAMPLE_DATA_SYNTHETIC,0
EXAMPLE_DATA_enzyme_2_0011,EXAMPLE_TARGET_enzyme_2,enzyme,2.666,67.8,16.21,-1.129,-18.71,0.584,0.298,EXAMPLE_DATA,EXAMPLE_DATA_SYNTHETIC,0
EXAMPLE_DATA_enzyme_2_0012,EXAMPLE_TARGET_enzyme_2,enzyme,1.486,78.5,4.2,0.626,-31.11,0.562,0.734,EXAMPLE_DATA,EXAMPLE_DATA_SYNTHETIC,1
EXAMPLE_DATA_enzyme_2_0013,EXAMPLE_TARGET_enzyme_2,enzyme,0.788,80.0,16.32,-0.404,-0.22,0.692,0.452,EXAMPLE_DATA,EXAMPLE_DATA_SYNTHETIC,0
EXAMPLE_DATA_enzyme_2_0014,EXAMPLE_TARGET_enzyme_2,enzyme,3.049,74.3,19.21,0.045,-15.62,0.553,0.79,EXAMPLE_DATA,EXAMPLE_DATA_SYNTHETIC,0
EXAMPLE_DATA_enzyme_2_0015,EXAMPLE_TARGET_enzyme_2,enzyme,2.163,76.5,9.77,0.138,-7.4,0.482,0.224,EXAMPLE_DATA,EXAMPLE_DATA_SYNTHETIC,0
EXAMPLE_DATA_enzyme_2_0016,EXAMPLE_TARGET_enzyme_2,enzyme,2.868,81.3,11.15,0.45,-37.38,0.704,0.689,EXAMPLE_DATA,EXAMPLE_DATA_SYNTHETIC,1
EXAMPLE_DATA_enzyme_2_0017,EXAMPLE_TARGET_enzyme_2,enzyme,1.629,76.0,14.53,-2.499,-38.32,0.66,0.319,EXAMPLE_DATA,EXAMPLE_DATA_SYNTHETIC,1
EXAMPLE_DATA_enzyme_2_0018,EXAMPLE_TARGET_enzyme_2,enzyme,2.484,86.0,7.2,0.71,-6.1,0.686,0.279,EXAMPLE_DATA,EXAMPLE_DATA_SYNTHETIC,1
EXAMPLE_DATA_enzyme_2_0019,EXAMPLE_TARGET_enzyme_2,enzyme,3.887,65.4,18.05,-0.556,-27.35,0.457,0.539,EXAMPLE_DATA,EXAMPLE_DATA_SYNTHETIC,0
EXAMPLE_DATA_enzyme_2_0020,EXAMPLE_TARGET_enzyme_2,enzyme,0.876,76.4,6.18,-1.512,-0.77,0.745,0.634,EXAMPLE_DATA,EXAMPLE_DATA_SYNTHETIC,0
EXAMPLE_DATA_enzyme_2_0021,EXAMPLE_TARGET_enzyme_2,enzyme,3.656,62.9,14.85,-1.478,-6.37,0.836,0.515,EXAMPLE_DATA,EXAMPLE_DATA_SYNTHETIC,0
EXAMPLE_DATA_enzyme_2_0022,EXAMPLE_TARGET_enzyme_2,enzyme,3.798,90.1,17.96,-0.0,-39.25,0.62,0.753,EXAMPLE_DATA,EXAMPLE_DATA_SYNTHETIC,0
EXAMPLE_DATA_enzyme_2_0023,EXAMPLE_TARGET_enzyme_2,enzyme,3.686,69.8,16.48,-1.423,-23.14,0.502,0.729,EXAMPLE_DATA,EXAMPLE_DATA_SYNTHETIC,0
EXAMPLE_DATA_enzyme_2_0024,EXAMPLE_TARGET_enzyme_2,enzyme,3.62,72.9,19.95,0.592,-11.0,0.451,0.741,EXAMPLE_DATA,EXAMPLE_DATA_SYNTHETIC,0
EXAMPLE_DATA_enzyme_2_0025,EXAMPLE_TARGET_enzyme_2,enzyme,2.23,62.7,8.78,-1.035,-24.86,0.775,0.737,EXAMPLE_DATA,EXAMPLE_DATA_SYNTHETIC,1
EXAMPLE_DATA_enzyme_2_0026,EXAMPLE_TARGET_enzyme_2,enzyme,3.68,65.0,13.73,-0.585,-24.0,0.487,0.567,EXAMPLE_DATA,EXAMPLE_DATA_SYNTHETIC,0
EXAMPLE_DATA_enzyme_2_0027,EXAMPLE_TARGET_enzyme_2,enzyme,3.82,78.3,15.38,-0.587,-33.44,0.458,0.22,EXAMPLE_DATA,EXAMPLE_DATA_SYNTHETIC,0
EXAMPLE_DATA_enzyme_2_0028,EXAMPLE_TARGET_enzyme_2,enzyme,1.784,85.1,10.43,-0.694,-34.6,0.751,0.383,EXAMPLE_DATA,EXAMPLE_DATA_SYNTHETIC,0
EXAMPLE_DATA_enzyme_2_0029,EXAMPLE_TARGET_enzyme_2,enzyme,2.787,60.5,17.06,-0.211,-15.74,0.804,0.326,EXAMPLE_DATA,EXAMPLE_DATA_SYNTHETIC,0
EXAMPLE_DATA_enzyme_2_0030,EXAMPLE_TARGET_enzyme_2,enzyme,3.421,92.2,12.38,-2.219,-13.5,0.801,0.372,EXAMPLE_DATA,EXAMPLE_DATA_SYNTHETIC,0
EXAMPLE_DATA_enzyme_2_0031,EXAMPLE_TARGET_enzyme_2,enzyme,1.212,89.8,14.86,-0.512,-6.86,0.533,0.604,EXAMPLE_DATA,EXAMPLE_DATA_SYNTHETIC,0
EXAMPLE_DATA_enzyme_2_0032,EXAMPLE_TARGET_enzyme_2,enzyme,2.985,90.0,9.39,-1.17,-39.61,0.739,0.717,EXAMPLE_DATA,EXAMPLE_DATA_SYNTHETIC,0
EXAMPLE_DATA_enzyme_2_0033,EXAMPLE_TARGET_enzyme_2,enzyme,3.404,86.9,9.82,0.416,-15.45,0.858,0.286,EXAMPLE_DATA,EXAMPLE_DATA_SYNTHETIC,0
EXAMPLE_DATA_enzyme_2_0034,EXAMPLE_TARGET_enzyme_2,enzyme,1.462,61.1,18.86,-2.344,-5.48,0.595,0.737,EXAMPLE_DATA,EXAMPLE_DATA_SYNTHETIC,0
EXAMPLE_DATA_enzyme_2_0035,EXAMPLE_TARGET_enzyme_2,enzyme,1.841,71.7,14.35,0.369,-34.35,0.459,0.343,EXAMPLE_DATA,EXAMPLE_DATA_SYNTHETIC,0
EXAMPLE_DATA_enzyme_2_0036,EXAMPLE_TARGET_enzyme_2,enzyme,3.74,91.7,13.89,0.854,-28.29,0.463,0.419,EXAMPLE_DATA,EXAMPLE_DATA_SYNTHETIC,0
EXAMPLE_DATA_enzyme_2_0037,EXAMPLE_TARGET_enzyme_2,enzyme,3.575,76.0,15.91,-0.55,-36.39,0.758,0.277,EXAMPLE_DATA,EXAMPLE_DATA_SYNTHETIC,0
EXAMPLE_DATA_enzyme_2_0038,EXAMPLE_TARGET_enzyme_2,enzyme,2.794,60.5,6.2,0.524,-37.67,0.439,0.252,EXAMPLE_DATA,EXAMPLE_DATA_SYNTHETIC,0
EXAMPLE_DATA_enzyme_2_0039,EXAMPLE_TARGET_enzyme_2,enzyme,2.862,87.7,16.19,-2.26,-30.11,0.847,0.521,EXAMPLE_DATA,EXAMPLE_DATA_SYNTHETIC,0
EXAMPLE_DATA_enzyme_2_0040,EXAMPLE_TARGET_enzyme_2,enzyme,3.751,92.4,10.57,-0.518,-37.31,0.442,0.521,EXAMPLE_DATA,EXAMPLE_DATA_SYNTHETIC,0
EXAMPLE_DATA_enzyme_2_0041,EXAMPLE_TARGET_enzyme_2,enzyme,1.448,76.3,18.84,-1.648,-36.74,0.859,0.582,EXAMPLE_DATA,EXAMPLE_DATA_SYNTHETIC,0
EXAMPLE_DATA_enzyme_2_0042,EXAMPLE_TARGET_enzyme_2,enzyme,0.929,70.9,4.62,-1.945,-21.03,0.458,0.394,EXAMPLE_DATA,EXAMPLE_DATA_SYNTHETIC,0
EXAMPLE_DATA_enzyme_2_0043,EXAMPLE_TARGET_enzyme_2,enzyme,1.377,72.7,8.44,-1.441,-1.59,0.619,0.686,EXAMPLE_DATA,EXAMPLE_DATA_SYNTHETIC,0
EXAMPLE_DATA_enzyme_2_0044,EXAMPLE_TARGET_enzyme_2,enzyme,2.19,81.8,14.76,-1.048,-32.07,0.855,0.422,EXAMPLE_DATA,EXAMPLE_DATA_SYNTHETIC,0
EXAMPLE_DATA_enzyme_2_0045,EXAMPLE_TARGET_enzyme_2,enzyme,2.948,81.0,4.25,-0.937,-17.91,0.771,0.405,EXAMPLE_DATA,EXAMPLE_DATA_SYNTHETIC,0
EXAMPLE_DATA_enzyme_2_0046,EXAMPLE_TARGET_enzyme_2,enzyme,0.893,75.3,17.46,-1.804,-27.1,0.87,0.244,EXAMPLE_DATA,EXAMPLE_DATA_SYNTHETIC,0
EXAMPLE_DATA_enzyme_2_0047,EXAMPLE_TARGET_enzyme_2,enzyme,2.236,79.2,14.96,-1.053,-38.62,0.576,0.213,EXAMPLE_DATA,EXAMPLE_DATA_SYNTHETIC,0
EXAMPLE_DATA_enzyme_2_0048,EXAMPLE_TARGET_enzyme_2,enzyme,0.886,74.2,18.61,0.572,-10.47,0.747,0.205,EXAMPLE_DATA,EXAMPLE_DATA_SYNTHETIC,0
EXAMPLE_DATA_enzyme_2_0049,EXAMPLE_TARGET_enzyme_2,enzyme,3.056,72.3,12.97,-0.209,-5.45,0.672,0.713,EXAMPLE_DATA,EXAMPLE_DATA_SYNTHETIC,0
EXAMPLE_DATA_enzyme_2_0050,EXAMPLE_TARGET_enzyme_2,enzyme,1.76,78.0,14.1,-2.445,-18.43,0.636,0.367,EXAMPLE_DATA,EXAMPLE_DATA_SYNTHETIC,0
EXAMPLE_DATA_enzyme_2_0051,EXAMPLE_TARGET_enzyme_2,enzyme,2.879,91.7,11.44,0.135,-32.82,0.72,0.279,EXAMPLE_DATA,EXAMPLE_DATA_SYNTHETIC,0
EXAMPLE_DATA_enzyme_2_0052,EXAMPLE_TARGET_enzyme_2,enzyme,1.074,92.4,11.83,0.879,-5.4,0.583,0.637,EXAMPLE_DATA,EXAMPLE_DATA_SYNTHETIC,0
EXAMPLE_DATA_enzyme_2_0053,EXAMPLE_TARGET_enzyme_2,enzyme,1.462,87.6,10.19,-2.248,-28.77,0.493,0.633,EXAMPLE_DATA,EXAMPLE_DATA_SYNTHETIC,1
EXAMPLE_DATA_enzyme_2_0054,EXAMPLE_TARGET_enzyme_2,enzyme,2.656,65.6,13.15,-1.228,-9.66,0.647,0.694,EXAMPLE_DATA,EXAMPLE_DATA_SYNTHETIC,0
EXAMPLE_DATA_enzyme_2_0055,EXAMPLE_TARGET_enzyme_2,enzyme,1.528,84.3,18.84,-2.239,-16.64,0.666,0.705,EXAMPLE_DATA,EXAMPLE_DATA_SYNTHETIC,0
EXAMPLE_DATA_enzyme_2_0056,EXAMPLE_TARGET_enzyme_2,enzyme,1.613,81.6,17.13,-2.061,-13.13,0.474,0.668,EXAMPLE_DATA,EXAMPLE_DATA_SYNTHETIC,0
EXAMPLE_DATA_enzyme_2_0057,EXAMPLE_TARGET_enzyme_2,enzyme,1.956,76.9,6.84,0.533,-30.14,0.697,0.611,EXAMPLE_DATA,EXAMPLE_DATA_SYNTHETIC,1
EXAMPLE_DATA_enzyme_2_0058,EXAMPLE_TARGET_enzyme_2,enzyme,1.14,65.0,11.64,-1.229,-34.09,0.831,0.354,EXAMPLE_DATA,EXAMPLE_DATA_SYNTHETIC,0
EXAMPLE_DATA_enzyme_2_0059,EXAMPLE_TARGET_enzyme_2,enzyme,1.476,73.9,7.79,-1.249,-17.75,0.451,0.241,EXAMPLE_DATA,EXAMPLE_DATA_SYNTHETIC,0
EXAMPLE_DATA_enzyme_2_0060,EXAMPLE_TARGET_enzyme_2,enzyme,2.392,70.6,4.46,0.776,-28.6,0.65,0.258,EXAMPLE_DATA,EXAMPLE_DATA_SYNTHETIC,0
EXAMPLE_DATA_enzyme_2_0061,EXAMPLE_TARGET_enzyme_2,enzyme,1.41,81.4,12.4,-0.533,-4.0,0.638,0.748,EXAMPLE_DATA,EXAMPLE_DATA_SYNTHETIC,0
EXAMPLE_DATA_enzyme_2_0062,EXAMPLE_TARGET_enzyme_2,enzyme,2.201,82.2,18.38,-0.317,-12.09,0.509,0.247,EXAMPLE_DATA,EXAMPLE_DATA_SYNTHETIC,0
EXAMPLE_DATA_enzyme_2_0063,EXAMPLE_TARGET_enzyme_2,enzyme,1.666,74.3,17.07,-1.402,-33.71,0.617,0.695,EXAMPLE_DATA,EXAMPLE_DATA_SYNTHETIC,0
EXAMPLE_DATA_enzyme_2_0064,EXAMPLE_TARGET_enzyme_2,enzyme,2.994,76.3,17.96,-1.089,-11.72,0.498,0.282,EXAMPLE_DATA,EXAMPLE_DATA_SYNTHETIC,0
EXAMPLE_DATA_enzyme_2_0065,EXAMPLE_TARGET_enzyme_2,enzyme,2.436,81.6,8.5,-0.692,-6.36,0.462,0.543,EXAMPLE_DATA,EXAMPLE_DATA_SYNTHETIC,0
EXAMPLE_DATA_enzyme_2_0066,EXAMPLE_TARGET_enzyme_2,enzyme,3.033,67.1,9.32,-2.486,-26.35,0.804,0.248,EXAMPLE_DATA,EXAMPLE_DATA_SYNTHETIC,0
EXAMPLE_DATA_enzyme_2_0067,EXAMPLE_TARGET_enzyme_2,enzyme,2.281,70.0,18.97,-1.768,-8.84,0.662,0.389,EXAMPLE_DATA,EXAMPLE_DATA_SYNTHETIC,0
EXAMPLE_DATA_enzyme_2_0068,EXAMPLE_TARGET_enzyme_2,enzyme,3.587,62.2,4.3,-1.495,-26.84,0.543,0.313,EXAMPLE_DATA,EXAMPLE_DATA_SYNTHETIC,0
EXAMPLE_DATA_enzyme_2_0069,EXAMPLE_TARGET_enzyme_2,enzyme,1.821,80.5,12.82,0.519,-13.34,0.798,0.532,EXAMPLE_DATA,EXAMPLE_DATA_SYNTHETIC,0
EXAMPLE_DATA_enzyme_2_0070,EXAMPLE_TARGET_enzyme_2,enzyme,1.537,67.3,14.4,0.565,-9.02,0.561,0.472,EXAMPLE_DATA,EXAMPLE_DATA_SYNTHETIC,0
EXAMPLE_DATA_enzyme_2_0071,EXAMPLE_TARGET_enzyme_2,enzyme,2.128,94.6,5.29,-0.988,-3.37,0.686,0.415,EXAMPLE_DATA,EXAMPLE_DATA_SYNTHETIC,0
EXAMPLE_DATA_enzyme_2_0072,EXAMPLE_TARGET_enzyme_2,enzyme,3.15,91.9,13.03,-1.386,-34.6,0.854,0.317,EXAMPLE_DATA,EXAMPLE_DATA_SYNTHETIC,0
EXAMPLE_DATA_enzyme_2_0073,EXAMPLE_TARGET_enzyme_2,enzyme,1.983,70.7,4.26,0.851,-17.48,0.773,0.596,EXAMPLE_DATA,EXAMPLE_DATA_SYNTHETIC,1
EXAMPLE_DATA_enzyme_2_0074,EXAMPLE_TARGET_enzyme_2,enzyme,2.954,84.6,11.53,-1.786,-22.39,0.429,0.631,EXAMPLE_DATA,EXAMPLE_DATA_SYNTHETIC,0
EXAMPLE_DATA_enzyme_2_0075,EXAMPLE_TARGET_enzyme_2,enzyme,2.283,85.0,9.13,-1.224,-24.7,0.778,0.412,EXAMPLE_DATA,EXAMPLE_DATA_SYNTHETIC,0
EXAMPLE_DATA_enzyme_2_0076,EXAMPLE_TARGET_enzyme_2,enzyme,3.763,84.5,12.61,0.518,-24.4,0.635,0.713,EXAMPLE_DATA,EXAMPLE_DATA_SYNTHETIC,0
EXAMPLE_DATA_enzyme_2_0077,EXAMPLE_TARGET_enzyme_2,enzyme,3.256,94.0,8.63,-0.31,-4.26,0.431,0.694,EXAMPLE_DATA,EXAMPLE_DATA_SYNTHETIC,0
EXAMPLE_DATA_enzyme_2_0078,EXAMPLE_TARGET_enzyme_2,enzyme,2.566,93.5,10.33,-1.053,-25.46,0.652,0.623,EXAMPLE_DATA,EXAMPLE_DATA_SYNTHETIC,0
EXAMPLE_DATA_enzyme_2_0079,EXAMPLE_TARGET_enzyme_2,enzyme,1.24,79.2,7.41,-0.198,-0.81,0.625,0.291,EXAMPLE_DATA,EXAMPLE_DATA_SYNTHETIC,1
EXAMPLE_DATA_enzyme_2_0080,EXAMPLE_TARGET_enzyme_2,enzyme,2.299,90.6,15.33,-0.778,-5.48,0.534,0.309,EXAMPLE_DATA,EXAMPLE_DATA_SYNTHETIC,0
EXAMPLE_DATA_enzyme_2_0081,EXAMPLE_TARGET_enzyme_2,enzyme,2.418,86.3,11.55,0.977,-34.12,0.806,0.673,EXAMPLE_DATA,EXAMPLE_DATA_SYNTHETIC,1
EXAMPLE_DATA_enzyme_2_0082,EXAMPLE_TARGET_enzyme_2,enzyme,3.265,74.5,11.76,0.258,-5.54,0.601,0.702,EXAMPLE_DATA,EXAMPLE_DATA_SYNTHETIC,0
EXAMPLE_DATA_enzyme_2_0083,EXAMPLE_TARGET_enzyme_2,enzyme,2.874,88.8,17.39,-0.953,-31.38,0.499,0.712,EXAMPLE_DATA,EXAMPLE_DATA_SYNTHETIC,0
EXAMPLE_DATA_enzyme_2_0084,EXAMPLE_TARGET_enzyme_2,enzyme,2.668,67.6,10.72,0.485,-5.2,0.582,0.668,EXAMPLE_DATA,EXAMPLE_DATA_SYNTHETIC,0
EXAMPLE_DATA_enzyme_2_0085,EXAMPLE_TARGET_enzyme_2,enzyme,1.071,93.7,15.17,-1.188,-1.54,0.466,0.47,EXAMPLE_DATA,EXAMPLE_DATA_SYNTHETIC,0
EXAMPLE_DATA_enzyme_2_0086,EXAMPLE_TARGET_enzyme_2,enzyme,0.901,78.5,7.57,0.073,-21.17,0.812,0.63,EXAMPLE_DATA,EXAMPLE_DATA_SYNTHETIC,1
EXAMPLE_DATA_enzyme_2_0087,EXAMPLE_TARGET_enzyme_2,enzyme,1.131,73.5,4.6,-1.599,-15.43,0.513,0.223,EXAMPLE_DATA,EXAMPLE_DATA_SYNTHETIC,0
EXAMPLE_DATA_enzyme_2_0088,EXAMPLE_TARGET_enzyme_2,enzyme,1.243,92.3,9.47,-0.538,-14.68,0.672,0.55,EXAMPLE_DATA,EXAMPLE_DATA_SYNTHETIC,1
EXAMPLE_DATA_enzyme_2_0089,EXAMPLE_TARGET_enzyme_2,enzyme,3.149,65.0,18.86,-2.265,-8.8,0.598,0.376,EXAMPLE_DATA,EXAMPLE_DATA_SYNTHETIC,0
EXAMPLE_DATA_enzyme_2_0090,EXAMPLE_TARGET_enzyme_2,enzyme,2.664,73.3,16.63,-1.942,-24.0,0.614,0.295,EXAMPLE_DATA,EXAMPLE_DATA_SYNTHETIC,0
EXAMPLE_DATA_enzyme_2_0091,EXAMPLE_TARGET_enzyme_2,enzyme,1.088,65.2,19.45,-2.246,-35.04,0.865,0.77,EXAMPLE_DATA,EXAMPLE_DATA_SYNTHETIC,0
EXAMPLE_DATA_enzyme_2_0092,EXAMPLE_TARGET_enzyme_2,enzyme,2.669,75.3,19.23,-2.025,-8.87,0.431,0.325,EXAMPLE_DATA,EXAMPLE_DATA_SYNTHETIC,0
EXAMPLE_DATA_enzyme_2_0093,EXAMPLE_TARGET_enzyme_2,enzyme,3.303,66.1,11.37,-2.021,-8.96,0.729,0.229,EXAMPLE_DATA,EXAMPLE_DATA_SYNTHETIC,0
EXAMPLE_DATA_enzyme_2_0094,EXAMPLE_TARGET_enzyme_2,enzyme,2.037,70.6,14.07,0.772,-21.22,0.523,0.52,EXAMPLE_DATA,EXAMPLE_DATA_SYNTHETIC,1
EXAMPLE_DATA_enzyme_2_0095,EXAMPLE_TARGET_enzyme_2,enzyme,3.089,79.0,14.51,-0.824,-22.45,0.517,0.735,EXAMPLE_DATA,EXAMPLE_DATA_SYNTHETIC,0
EXAMPLE_DATA_enzyme_2_0096,EXAMPLE_TARGET_enzyme_2,enzyme,1.836,94.1,12.83,-1.959,-6.42,0.554,0.213,EXAMPLE_DATA,EXAMPLE_DATA_SYNTHETIC,0
EXAMPLE_DATA_enzyme_2_0097,EXAMPLE_TARGET_enzyme_2,enzyme,3.642,61.3,11.39,-1.794,-27.87,0.506,0.67,EXAMPLE_DATA,EXAMPLE_DATA_SYNTHETIC,0
EXAMPLE_DATA_enzyme_2_0098,EXAMPLE_TARGET_enzyme_2,enzyme,2.385,80.0,16.61,0.018,-5.51,0.479,0.497,EXAMPLE_DATA,EXAMPLE_DATA_SYNTHETIC,0
EXAMPLE_DATA_enzyme_2_0099,EXAMPLE_TARGET_enzyme_2,enzyme,3.091,75.9,13.92,0.694,-11.66,0.775,0.376,EXAMPLE_DATA,EXAMPLE_DATA_SYNTHETIC,0
EXAMPLE_DATA_enzyme_2_0100,EXAMPLE_TARGET_enzyme_2,enzyme,1.923,76.5,6.08,-0.024,-30.95,0.496,0.722,EXAMPLE_DATA,EXAMPLE_DATA_SYNTHETIC,0
EXAMPLE_DATA_enzyme_2_0101,EXAMPLE_TARGET_enzyme_2,enzyme,1.505,76.9,18.68,0.364,-9.29,0.463,0.264,EXAMPLE_DATA,EXAMPLE_DATA_SYNTHETIC,0
EXAMPLE_DATA_enzyme_2_0102,EXAMPLE_TARGET_enzyme_2,enzyme,3.479,73.1,14.07,-1.51,-23.96,0.649,0.305,EXAMPLE_DATA,EXAMPLE_DATA_SYNTHETIC,0
EXAMPLE_DATA_enzyme_2_0103,EXAMPLE_TARGET_enzyme_2,enzyme,1.418,86.6,13.7,-0.897,-17.03,0.626,0.399,EXAMPLE_DATA,EXAMPLE_DATA_SYNTHETIC,1
EXAMPLE_DATA_enzyme_2_0104,EXAMPLE_TARGET_enzyme_2,enzyme,0.645,63.6,13.08,-1.43,-28.51,0.774,0.795,EXAMPLE_DATA,EXAMPLE_DATA_SYNTHETIC,1
EXAMPLE_DATA_enzyme_2_0105,EXAMPLE_TARGET_enzyme_2,enzyme,2.645,86.5,6.9,-1.601,-31.66,0.781,0.759,EXAMPLE_DATA,EXAMPLE_DATA_SYNTHETIC,0
EXAMPLE_DATA_enzyme_2_0106,EXAMPLE_TARGET_enzyme_2,enzyme,3.256,79.1,10.56,-0.811,-34.65,0.867,0.694,EXAMPLE_DATA,EXAMPLE_DATA_SYNTHETIC,0
EXAMPLE_DATA_enzyme_2_0107,EXAMPLE_TARGET_enzyme_2,enzyme,0.958,63.3,6.34,-0.39,-27.24,0.805,0.565,EXAMPLE_DATA,EXAMPLE_DATA_SYNTHETIC,0
EXAMPLE_DATA_enzyme_2_0108,EXAMPLE_TARGET_enzyme_2,enzyme,0.985,71.4,10.4,-1.146,-30.43,0.745,0.307,EXAMPLE_DATA,EXAMPLE_DATA_SYNTHETIC,0
EXAMPLE_DATA_enzyme_2_0109,EXAMPLE_TARGET_enzyme_2,enzyme,2.402,83.0,14.37,-1.609,-21.36,0.575,0.787,EXAMPLE_DATA,EXAMPLE_DATA_SYNTHETIC,0
EXAMPLE_DATA_enzyme_2_0110,EXAMPLE_TARGET_enzyme_2,enzyme,1.449,60.5,5.27,0.505,-30.41,0.715,0.771,EXAMPLE_DATA,EXAMPLE_DATA_SYNTHETIC,0
EXAMPLE_DATA_enzyme_2_0111,EXAMPLE_TARGET_enzyme_2,enzyme,1.245,91.0,15.66,0.538,-25.76,0.553,0.555,EXAMPLE_DATA,EXAMPLE_DATA_SYNTHETIC,0
EXAMPLE_DATA_enzyme_2_0112,EXAMPLE_TARGET_enzyme_2,enzyme,1.014,74.2,7.6,-1.179,-29.46,0.475,0.383,EXAMPLE_DATA,EXAMPLE_DATA_SYNTHETIC,1
EXAMPLE_DATA_enzyme_2_0113,EXAMPLE_TARGET_enzyme_2,enzyme,2.606,88.0,14.3,-0.783,-19.35,0.442,0.646,EXAMPLE_DATA,EXAMPLE_DATA_SYNTHETIC,0
EXAMPLE_DATA_enzyme_2_0114,EXAMPLE_TARGET_enzyme_2,enzyme,2.003,83.9,10.98,-1.925,-19.23,0.864,0.348,EXAMPLE_DATA,EXAMPLE_DATA_SYNTHETIC,0
EXAMPLE_DATA_enzyme_2_0115,EXAMPLE_TARGET_enzyme_2,enzyme,1.893,77.9,12.99,-0.348,-7.72,0.608,0.504,EXAMPLE_DATA,EXAMPLE_DATA_SYNTHETIC,0
EXAMPLE_DATA_enzyme_2_0116,EXAMPLE_TARGET_enzyme_2,enzyme,2.888,71.7,6.84,-0.542,-33.01,0.588,0.53,EXAMPLE_DATA,EXAMPLE_DATA_SYNTHETIC,1
EXAMPLE_DATA_enzyme_2_0117,EXAMPLE_TARGET_enzyme_2,enzyme,3.995,67.5,11.13,-2.301,-7.61,0.689,0.756,EXAMPLE_DATA,EXAMPLE_DATA_SYNTHETIC,0
EXAMPLE_DATA_enzyme_2_0118,EXAMPLE_TARGET_enzyme_2,enzyme,2.401,75.8,9.34,-0.263,-23.32,0.797,0.721,EXAMPLE_DATA,EXAMPLE_DATA_SYNTHETIC,0
EXAMPLE_DATA_enzyme_2_0119,EXAMPLE_TARGET_enzyme_2,enzyme,2.065,68.5,19.83,-1.619,-13.59,0.771,0.617,EXAMPLE_DATA,EXAMPLE_DATA_SYNTHETIC,0
EXAMPLE_DATA_antibody_3_0000,EXAMPLE_TARGET_antibody_3,antibody,3.733,64.4,23.4,-0.453,-23.5,0.652,0.559,EXAMPLE_DATA,EXAMPLE_DATA_SYNTHETIC,0
EXAMPLE_DATA_antibody_3_0001,EXAMPLE_TARGET_antibody_3,antibody,1.094,90.9,7.18,-0.493,-16.76,0.8,0.695,EXAMPLE_DATA,EXAMPLE_DATA_SYNTHETIC,1
EXAMPLE_DATA_antibody_3_0002,EXAMPLE_TARGET_antibody_3,antibody,2.739,64.2,19.84,-0.024,-43.55,0.565,0.354,EXAMPLE_DATA,EXAMPLE_DATA_SYNTHETIC,0
EXAMPLE_DATA_antibody_3_0003,EXAMPLE_TARGET_antibody_3,antibody,3.864,75.6,23.45,-1.959,-15.63,0.502,0.321,EXAMPLE_DATA,EXAMPLE_DATA_SYNTHETIC,0
EXAMPLE_DATA_antibody_3_0004,EXAMPLE_TARGET_antibody_3,antibody,2.209,73.8,6.05,-0.505,-22.31,0.837,0.808,EXAMPLE_DATA,EXAMPLE_DATA_SYNTHETIC,0
EXAMPLE_DATA_antibody_3_0005,EXAMPLE_TARGET_antibody_3,antibody,2.672,71.6,5.17,-0.399,-25.56,0.678,0.872,EXAMPLE_DATA,EXAMPLE_DATA_SYNTHETIC,0
EXAMPLE_DATA_antibody_3_0006,EXAMPLE_TARGET_antibody_3,antibody,2.704,85.6,17.41,0.816,-45.09,0.566,0.311,EXAMPLE_DATA,EXAMPLE_DATA_SYNTHETIC,0
EXAMPLE_DATA_antibody_3_0007,EXAMPLE_TARGET_antibody_3,antibody,2.441,73.7,5.19,0.742,-5.93,0.529,0.721,EXAMPLE_DATA,EXAMPLE_DATA_SYNTHETIC,0
EXAMPLE_DATA_antibody_3_0008,EXAMPLE_TARGET_antibody_3,antibody,3.29,74.4,16.23,-1.626,-45.76,0.557,0.353,EXAMPLE_DATA,EXAMPLE_DATA_SYNTHETIC,0
EXAMPLE_DATA_antibody_3_0009,EXAMPLE_TARGET_antibody_3,antibody,1.665,81.1,5.46,0.061,-33.24,0.776,0.781,EXAMPLE_DATA,EXAMPLE_DATA_SYNTHETIC,1
EXAMPLE_DATA_antibody_3_0010,EXAMPLE_TARGET_antibody_3,antibody,2.418,78.6,11.16,0.263,-10.04,0.568,0.653,EXAMPLE_DATA,EXAMPLE_DATA_SYNTHETIC,0
EXAMPLE_DATA_antibody_3_0011,EXAMPLE_TARGET_antibody_3,antibody,4.474,91.1,23.78,-1.775,-21.33,0.406,0.356,EXAMPLE_DATA,EXAMPLE_DATA_SYNTHETIC,0
EXAMPLE_DATA_antibody_3_0012,EXAMPLE_TARGET_antibody_3,antibody,3.67,78.7,5.95,-0.477,-11.76,0.625,0.32,EXAMPLE_DATA,EXAMPLE_DATA_SYNTHETIC,0
EXAMPLE_DATA_antibody_3_0013,EXAMPLE_TARGET_antibody_3,antibody,2.066,86.9,18.42,-1.068,-23.6,0.601,0.721,EXAMPLE_DATA,EXAMPLE_DATA_SYNTHETIC,0
EXAMPLE_DATA_antibody_3_0014,EXAMPLE_TARGET_antibody_3,antibody,4.709,86.7,7.44,-1.013,-6.58,0.869,0.871,EXAMPLE_DATA,EXAMPLE_DATA_SYNTHETIC,0
EXAMPLE_DATA_antibody_3_0015,EXAMPLE_TARGET_antibody_3,antibody,2.754,69.9,5.54,-1.143,-4.64,0.855,0.378,EXAMPLE_DATA,EXAMPLE_DATA_SYNTHETIC,0
EXAMPLE_DATA_antibody_3_0016,EXAMPLE_TARGET_antibody_3,antibody,1.705,66.0,23.98,1.091,-42.55,0.586,0.544,EXAMPLE_DATA,EXAMPLE_DATA_SYNTHETIC,0
EXAMPLE_DATA_antibody_3_0017,EXAMPLE_TARGET_antibody_3,antibody,1.765,85.2,21.86,0.172,-39.32,0.661,0.553,EXAMPLE_DATA,EXAMPLE_DATA_SYNTHETIC,0
EXAMPLE_DATA_antibody_3_0018,EXAMPLE_TARGET_antibody_3,antibody,3.164,64.6,9.73,-1.317,-28.61,0.761,0.32,EXAMPLE_DATA,EXAMPLE_DATA_SYNTHETIC,0
EXAMPLE_DATA_antibody_3_0019,EXAMPLE_TARGET_antibody_3,antibody,2.446,92.0,8.53,0.633,-31.23,0.834,0.781,EXAMPLE_DATA,EXAMPLE_DATA_SYNTHETIC,1
EXAMPLE_DATA_antibody_3_0020,EXAMPLE_TARGET_antibody_3,antibody,4.954,91.7,9.64,-1.127,-12.98,0.802,0.563,EXAMPLE_DATA,EXAMPLE_DATA_SYNTHETIC,0
EXAMPLE_DATA_antibody_3_0021,EXAMPLE_TARGET_antibody_3,antibody,4.218,71.6,21.45,-0.87,-47.04,0.403,0.777,EXAMPLE_DATA,EXAMPLE_DATA_SYNTHETIC,0
EXAMPLE_DATA_antibody_3_0022,EXAMPLE_TARGET_antibody_3,antibody,3.789,55.8,14.78,-1.576,-44.0,0.685,0.738,EXAMPLE_DATA,EXAMPLE_DATA_SYNTHETIC,0
EXAMPLE_DATA_antibody_3_0023,EXAMPLE_TARGET_antibody_3,antibody,2.873,70.2,14.39,1.268,-19.41,0.448,0.374,EXAMPLE_DATA,EXAMPLE_DATA_SYNTHETIC,0
EXAMPLE_DATA_antibody_3_0024,EXAMPLE_TARGET_antibody_3,antibody,4.09,73.1,12.78,1.116,-48.59,0.884,0.685,EXAMPLE_DATA,EXAMPLE_DATA_SYNTHETIC,0
EXAMPLE_DATA_antibody_3_0025,EXAMPLE_TARGET_antibody_3,antibody,4.54,58.9,11.08,0.093,-35.94,0.696,0.841,EXAMPLE_DATA,EXAMPLE_DATA_SYNTHETIC,0
EXAMPLE_DATA_antibody_3_0026,EXAMPLE_TARGET_antibody_3,antibody,1.492,91.0,6.34,0.949,-2.64,0.481,0.722,EXAMPLE_DATA,EXAMPLE_DATA_SYNTHETIC,0
EXAMPLE_DATA_antibody_3_0027,EXAMPLE_TARGET_antibody_3,antibody,4.372,82.7,19.64,0.723,-45.63,0.569,0.813,EXAMPLE_DATA,EXAMPLE_DATA_SYNTHETIC,0
EXAMPLE_DATA_antibody_3_0028,EXAMPLE_TARGET_antibody_3,antibody,4.365,79.1,15.13,-1.623,-29.18,0.881,0.328,EXAMPLE_DATA,EXAMPLE_DATA_SYNTHETIC,0
EXAMPLE_DATA_antibody_3_0029,EXAMPLE_TARGET_antibody_3,antibody,4.062,59.8,11.01,-0.928,-32.96,0.829,0.409,EXAMPLE_DATA,EXAMPLE_DATA_SYNTHETIC,0
EXAMPLE_DATA_antibody_3_0030,EXAMPLE_TARGET_antibody_3,antibody,1.286,87.5,19.58,-0.435,-18.61,0.739,0.54,EXAMPLE_DATA,EXAMPLE_DATA_SYNTHETIC,0
EXAMPLE_DATA_antibody_3_0031,EXAMPLE_TARGET_antibody_3,antibody,2.916,81.0,12.89,-0.586,-12.95,0.546,0.508,EXAMPLE_DATA,EXAMPLE_DATA_SYNTHETIC,0
EXAMPLE_DATA_antibody_3_0032,EXAMPLE_TARGET_antibody_3,antibody,4.484,69.8,11.24,-1.782,-39.27,0.702,0.329,EXAMPLE_DATA,EXAMPLE_DATA_SYNTHETIC,0
EXAMPLE_DATA_antibody_3_0033,EXAMPLE_TARGET_antibody_3,antibody,1.565,56.9,12.98,-1.07,-42.07,0.451,0.593,EXAMPLE_DATA,EXAMPLE_DATA_SYNTHETIC,0
EXAMPLE_DATA_antibody_3_0034,EXAMPLE_TARGET_antibody_3,antibody,2.355,69.7,17.41,-0.656,-6.54,0.797,0.655,EXAMPLE_DATA,EXAMPLE_DATA_SYNTHETIC,0
EXAMPLE_DATA_antibody_3_0035,EXAMPLE_TARGET_antibody_3,antibody,3.643,68.0,15.27,-0.966,-36.38,0.737,0.556,EXAMPLE_DATA,EXAMPLE_DATA_SYNTHETIC,0
EXAMPLE_DATA_antibody_3_0036,EXAMPLE_TARGET_antibody_3,antibody,2.043,87.0,11.8,1.403,-43.65,0.829,0.631,EXAMPLE_DATA,EXAMPLE_DATA_SYNTHETIC,1
EXAMPLE_DATA_antibody_3_0037,EXAMPLE_TARGET_antibody_3,antibody,1.73,83.7,12.67,0.192,-19.2,0.834,0.856,EXAMPLE_DATA,EXAMPLE_DATA_SYNTHETIC,0
EXAMPLE_DATA_antibody_3_0038,EXAMPLE_TARGET_antibody_3,antibody,3.101,92.0,10.55,-1.172,-14.47,0.845,0.417,EXAMPLE_DATA,EXAMPLE_DATA_SYNTHETIC,0
EXAMPLE_DATA_antibody_3_0039,EXAMPLE_TARGET_antibody_3,antibody,3.254,87.7,18.0,0.337,-43.51,0.513,0.444,EXAMPLE_DATA,EXAMPLE_DATA_SYNTHETIC,0
EXAMPLE_DATA_antibody_3_0040,EXAMPLE_TARGET_antibody_3,antibody,1.779,85.3,9.99,-1.794,-41.85,0.524,0.393,EXAMPLE_DATA,EXAMPLE_DATA_SYNTHETIC,0
EXAMPLE_DATA_antibody_3_0041,EXAMPLE_TARGET_antibody_3,antibody,4.13,70.2,19.4,0.504,-33.84,0.525,0.879,EXAMPLE_DATA,EXAMPLE_DATA_SYNTHETIC,0
EXAMPLE_DATA_antibody_3_0042,EXAMPLE_TARGET_antibody_3,antibody,4.072,56.1,16.73,1.048,-47.52,0.679,0.337,EXAMPLE_DATA,EXAMPLE_DATA_SYNTHETIC,0
EXAMPLE_DATA_antibody_3_0043,EXAMPLE_TARGET_antibody_3,antibody,1.597,67.1,10.18,-0.277,-24.49,0.538,0.726,EXAMPLE_DATA,EXAMPLE_DATA_SYNTHETIC,0
EXAMPLE_DATA_antibody_3_0044,EXAMPLE_TARGET_antibody_3,antibody,4.231,60.9,23.12,0.38,-33.1,0.525,0.559,EXAMPLE_DATA,EXAMPLE_DATA_SYNTHETIC,0
EXAMPLE_DATA_antibody_3_0045,EXAMPLE_TARGET_antibody_3,antibody,1.766,55.7,14.07,0.604,-10.97,0.543,0.798,EXAMPLE_DATA,EXAMPLE_DATA_SYNTHETIC,0
EXAMPLE_DATA_antibody_3_0046,EXAMPLE_TARGET_antibody_3,antibody,2.865,74.6,7.43,1.0,-18.53,0.585,0.538,EXAMPLE_DATA,EXAMPLE_DATA_SYNTHETIC,0
EXAMPLE_DATA_antibody_3_0047,EXAMPLE_TARGET_antibody_3,antibody,1.686,63.5,8.12,0.531,-47.83,0.616,0.326,EXAMPLE_DATA,EXAMPLE_DATA_SYNTHETIC,1
EXAMPLE_DATA_antibody_3_0048,EXAMPLE_TARGET_antibody_3,antibody,1.958,61.9,13.63,-0.746,-40.66,0.54,0.385,EXAMPLE_DATA,EXAMPLE_DATA_SYNTHETIC,0
EXAMPLE_DATA_antibody_3_0049,EXAMPLE_TARGET_antibody_3,antibody,3.148,76.2,21.48,-0.783,-23.15,0.549,0.476,EXAMPLE_DATA,EXAMPLE_DATA_SYNTHETIC,0
EXAMPLE_DATA_antibody_3_0050,EXAMPLE_TARGET_antibody_3,antibody,3.751,70.7,5.95,-1.999,-29.67,0.605,0.658,EXAMPLE_DATA,EXAMPLE_DATA_SYNTHETIC,0
EXAMPLE_DATA_antibody_3_0051,EXAMPLE_TARGET_antibody_3,antibody,3.447,82.0,7.86,-1.165,-30.55,0.706,0.407,EXAMPLE_DATA,EXAMPLE_DATA_SYNTHETIC,0
EXAMPLE_DATA_antibody_3_0052,EXAMPLE_TARGET_antibody_3,antibody,4.003,79.6,6.7,0.357,-11.67,0.898,0.503,EXAMPLE_DATA,EXAMPLE_DATA_SYNTHETIC,0
EXAMPLE_DATA_antibody_3_0053,EXAMPLE_TARGET_antibody_3,antibody,3.341,75.0,5.59,-1.891,-28.91,0.839,0.343,EXAMPLE_DATA,EXAMPLE_DATA_SYNTHETIC,0
EXAMPLE_DATA_antibody_3_0054,EXAMPLE_TARGET_antibody_3,antibody,4.531,68.2,20.5,-0.051,-42.49,0.501,0.882,EXAMPLE_DATA,EXAMPLE_DATA_SYNTHETIC,0
EXAMPLE_DATA_antibody_3_0055,EXAMPLE_TARGET_antibody_3,antibody,2.764,76.6,18.13,-1.998,-40.91,0.403,0.425,EXAMPLE_DATA,EXAMPLE_DATA_SYNTHETIC,0
EXAMPLE_DATA_antibody_3_0056,EXAMPLE_TARGET_antibody_3,antibody,1.778,83.2,15.13,0.232,-11.43,0.519,0.335,EXAMPLE_DATA,EXAMPLE_DATA_SYNTHETIC,0
EXAMPLE_DATA_antibody_3_0057,EXAMPLE_TARGET_antibody_3,antibody,3.071,84.9,11.86,0.503,-24.71,0.564,0.702,EXAMPLE_DATA,EXAMPLE_DATA_SYNTHETIC,0
EXAMPLE_DATA_antibody_3_0058,EXAMPLE_TARGET_antibody_3,antibody,3.773,81.5,7.29,0.602,-44.78,0.799,0.696,EXAMPLE_DATA,EXAMPLE_DATA_SYNTHETIC,0
EXAMPLE_DATA_antibody_3_0059,EXAMPLE_TARGET_antibody_3,antibody,4.679,56.8,18.53,0.371,-20.03,0.715,0.49,EXAMPLE_DATA,EXAMPLE_DATA_SYNTHETIC,0
EXAMPLE_DATA_antibody_3_0060,EXAMPLE_TARGET_antibody_3,antibody,4.441,74.3,10.19,-1.192,-24.9,0.807,0.326,EXAMPLE_DATA,EXAMPLE_DATA_SYNTHETIC,0
EXAMPLE_DATA_antibody_3_0061,EXAMPLE_TARGET_antibody_3,antibody,4.095,79.8,17.21,0.795,-39.84,0.676,0.551,EXAMPLE_DATA,EXAMPLE_DATA_SYNTHETIC,0
EXAMPLE_DATA_antibody_3_0062,EXAMPLE_TARGET_antibody_3,antibody,4.305,75.9,22.46,-1.614,-22.19,0.847,0.69,EXAMPLE_DATA,EXAMPLE_DATA_SYNTHETIC,0
EXAMPLE_DATA_antibody_3_0063,EXAMPLE_TARGET_antibody_3,antibody,1.348,59.7,19.31,-1.157,-11.6,0.447,0.763,EXAMPLE_DATA,EXAMPLE_DATA_SYNTHETIC,0
EXAMPLE_DATA_antibody_3_0064,EXAMPLE_TARGET_antibody_3,antibody,1.058,82.8,12.81,1.393,-37.93,0.603,0.699,EXAMPLE_DATA,EXAMPLE_DATA_SYNTHETIC,0
EXAMPLE_DATA_antibody_3_0065,EXAMPLE_TARGET_antibody_3,antibody,4.325,89.7,18.73,-0.203,-14.16,0.891,0.302,EXAMPLE_DATA,EXAMPLE_DATA_SYNTHETIC,0
EXAMPLE_DATA_antibody_3_0066,EXAMPLE_TARGET_antibody_3,antibody,3.735,63.0,9.35,0.705,-13.49,0.732,0.326,EXAMPLE_DATA,EXAMPLE_DATA_SYNTHETIC,0
EXAMPLE_DATA_antibody_3_0067,EXAMPLE_TARGET_antibody_3,antibody,1.247,62.5,17.06,-0.895,-8.95,0.757,0.439,EXAMPLE_DATA,EXAMPLE_DATA_SYNTHETIC,1
EXAMPLE_DATA_antibody_3_0068,EXAMPLE_TARGET_antibody_3,antibody,2.458,75.9,15.92,-1.685,-15.42,0.874,0.733,EXAMPLE_DATA,EXAMPLE_DATA_SYNTHETIC,0
EXAMPLE_DATA_antibody_3_0069,EXAMPLE_TARGET_antibody_3,antibody,2.414,56.1,10.16,0.061,-25.07,0.462,0.507,EXAMPLE_DATA,EXAMPLE_DATA_SYNTHETIC,0
EXAMPLE_DATA_antibody_3_0070,EXAMPLE_TARGET_antibody_3,antibody,1.549,85.7,21.28,1.004,-19.34,0.781,0.774,EXAMPLE_DATA,EXAMPLE_DATA_SYNTHETIC,1
EXAMPLE_DATA_antibody_3_0071,EXAMPLE_TARGET_antibody_3,antibody,3.728,82.4,7.12,-1.593,-33.9,0.891,0.384,EXAMPLE_DATA,EXAMPLE_DATA_SYNTHETIC,0
EXAMPLE_DATA_antibody_3_0072,EXAMPLE_TARGET_antibody_3,antibody,3.982,89.9,5.66,-1.733,-13.74,0.617,0.389,EXAMPLE_DATA,EXAMPLE_DATA_SYNTHETIC,0
EXAMPLE_DATA_antibody_3_0073,EXAMPLE_TARGET_antibody_3,antibody,2.832,63.5,21.22,-0.447,-4.74,0.737,0.381,EXAMPLE_DATA,EXAMPLE_DATA_SYNTHETIC,0
EXAMPLE_DATA_antibody_3_0074,EXAMPLE_TARGET_antibody_3,antibody,1.56,84.0,23.98,-1.064,-41.22,0.724,0.364,EXAMPLE_DATA,EXAMPLE_DATA_SYNTHETIC,0
EXAMPLE_DATA_antibody_3_0075,EXAMPLE_TARGET_antibody_3,antibody,3.286,56.0,8.67,0.435,-20.76,0.471,0.414,EXAMPLE_DATA,EXAMPLE_DATA_SYNTHETIC,0
EXAMPLE_DATA_antibody_3_0076,EXAMPLE_TARGET_antibody_3,antibody,2.054,84.3,6.07,-0.35,-5.63,0.699,0.51,EXAMPLE_DATA,EXAMPLE_DATA_SYNTHETIC,1
EXAMPLE_DATA_antibody_3_0077,EXAMPLE_TARGET_antibody_3,antibody,3.02,85.1,19.82,-0.454,-17.89,0.694,0.503,EXAMPLE_DATA,EXAMPLE_DATA_SYNTHETIC,0
EXAMPLE_DATA_antibody_3_0078,EXAMPLE_TARGET_antibody_3,antibody,2.295,83.3,21.05,0.309,-37.44,0.644,0.861,EXAMPLE_DATA,EXAMPLE_DATA_SYNTHETIC,1
EXAMPLE_DATA_antibody_3_0079,EXAMPLE_TARGET_antibody_3,antibody,4.171,90.5,15.97,0.141,-22.12,0.704,0.765,EXAMPLE_DATA,EXAMPLE_DATA_SYNTHETIC,0
EXAMPLE_DATA_antibody_3_0080,EXAMPLE_TARGET_antibody_3,antibody,1.482,74.0,21.24,-1.703,-6.44,0.469,0.572,EXAMPLE_DATA,EXAMPLE_DATA_SYNTHETIC,0
EXAMPLE_DATA_antibody_3_0081,EXAMPLE_TARGET_antibody_3,antibody,3.72,77.0,17.16,-0.73,-3.48,0.873,0.468,EXAMPLE_DATA,EXAMPLE_DATA_SYNTHETIC,0
EXAMPLE_DATA_antibody_3_0082,EXAMPLE_TARGET_antibody_3,antibody,1.205,86.8,11.77,1.138,-25.92,0.43,0.825,EXAMPLE_DATA,EXAMPLE_DATA_SYNTHETIC,0
EXAMPLE_DATA_antibody_3_0083,EXAMPLE_TARGET_antibody_3,antibody,1.137,55.8,11.5,-0.089,-10.62,0.878,0.33,EXAMPLE_DATA,EXAMPLE_DATA_SYNTHETIC,0
EXAMPLE_DATA_antibody_3_0084,EXAMPLE_TARGET_antibody_3,antibody,3.049,72.0,21.51,0.809,-28.27,0.51,0.318,EXAMPLE_DATA,EXAMPLE_DATA_SYNTHETIC,0
EXAMPLE_DATA_antibody_3_0085,EXAMPLE_TARGET_antibody_3,antibody,1.324,84.1,8.59,1.165,-44.09,0.561,0.491,EXAMPLE_DATA,EXAMPLE_DATA_SYNTHETIC,1
EXAMPLE_DATA_antibody_3_0086,EXAMPLE_TARGET_antibody_3,antibody,3.976,67.7,13.72,0.245,-25.48,0.513,0.4,EXAMPLE_DATA,EXAMPLE_DATA_SYNTHETIC,0
EXAMPLE_DATA_antibody_3_0087,EXAMPLE_TARGET_antibody_3,antibody,2.811,70.8,22.29,-1.176,-39.38,0.755,0.513,EXAMPLE_DATA,EXAMPLE_DATA_SYNTHETIC,0
EXAMPLE_DATA_antibody_3_0088,EXAMPLE_TARGET_antibody_3,antibody,4.712,85.5,20.58,-1.852,-49.0,0.436,0.507,EXAMPLE_DATA,EXAMPLE_DATA_SYNTHETIC,0
EXAMPLE_DATA_antibody_3_0089,EXAMPLE_TARGET_antibody_3,antibody,4.369,85.9,14.18,-0.044,-29.05,0.585,0.351,EXAMPLE_DATA,EXAMPLE_DATA_SYNTHETIC,0
EXAMPLE_DATA_antibody_3_0090,EXAMPLE_TARGET_antibody_3,antibody,3.182,74.6,8.06,0.901,-17.55,0.623,0.513,EXAMPLE_DATA,EXAMPLE_DATA_SYNTHETIC,0
EXAMPLE_DATA_antibody_3_0091,EXAMPLE_TARGET_antibody_3,antibody,3.494,83.3,21.39,-0.77,-30.51,0.858,0.365,EXAMPLE_DATA,EXAMPLE_DATA_SYNTHETIC,0
EXAMPLE_DATA_antibody_3_0092,EXAMPLE_TARGET_antibody_3,antibody,1.559,67.4,10.02,1.314,-49.94,0.501,0.89,EXAMPLE_DATA,EXAMPLE_DATA_SYNTHETIC,1
EXAMPLE_DATA_antibody_3_0093,EXAMPLE_TARGET_antibody_3,antibody,4.274,83.7,12.44,-0.471,-34.37,0.816,0.396,EXAMPLE_DATA,EXAMPLE_DATA_SYNTHETIC,0
EXAMPLE_DATA_antibody_3_0094,EXAMPLE_TARGET_antibody_3,antibody,1.171,88.0,11.86,-0.158,-34.07,0.489,0.608,EXAMPLE_DATA,EXAMPLE_DATA_SYNTHETIC,1
EXAMPLE_DATA_antibody_3_0095,EXAMPLE_TARGET_antibody_3,antibody,4.182,78.8,6.51,-1.127,-41.44,0.426,0.733,EXAMPLE_DATA,EXAMPLE_DATA_SYNTHETIC,1
EXAMPLE_DATA_antibody_3_0096,EXAMPLE_TARGET_antibody_3,antibody,2.965,71.1,22.64,-0.121,-43.37,0.445,0.589,EXAMPLE_DATA,EXAMPLE_DATA_SYNTHETIC,0
EXAMPLE_DATA_antibody_3_0097,EXAMPLE_TARGET_antibody_3,antibody,3.017,86.3,17.34,1.179,-18.33,0.81,0.637,EXAMPLE_DATA,EXAMPLE_DATA_SYNTHETIC,0
EXAMPLE_DATA_antibody_3_0098,EXAMPLE_TARGET_antibody_3,antibody,4.45,75.1,22.01,-0.154,-15.86,0.549,0.791,EXAMPLE_DATA,EXAMPLE_DATA_SYNTHETIC,0
EXAMPLE_DATA_antibody_3_0099,EXAMPLE_TARGET_antibody_3,antibody,4.389,61.3,8.04,-1.999,-31.48,0.566,0.841,EXAMPLE_DATA,EXAMPLE_DATA_SYNTHETIC,0
EXAMPLE_DATA_antibody_3_0100,EXAMPLE_TARGET_antibody_3,antibody,3.518,87.5,17.52,-1.491,-40.81,0.562,0.8,EXAMPLE_DATA,EXAMPLE_DATA_SYNTHETIC,0
EXAMPLE_DATA_antibody_3_0101,EXAMPLE_TARGET_antibody_3,antibody,4.129,58.5,16.59,0.066,-36.2,0.896,0.309,EXAMPLE_DATA,EXAMPLE_DATA_SYNTHETIC,0
EXAMPLE_DATA_antibody_3_0102,EXAMPLE_TARGET_antibody_3,antibody,2.292,57.9,17.38,-0.532,-36.78,0.46,0.868,EXAMPLE_DATA,EXAMPLE_DATA_SYNTHETIC,0
EXAMPLE_DATA_antibody_3_0103,EXAMPLE_TARGET_antibody_3,antibody,4.742,64.7,6.52,1.185,-19.66,0.545,0.523,EXAMPLE_DATA,EXAMPLE_DATA_SYNTHETIC,0
EXAMPLE_DATA_antibody_3_0104,EXAMPLE_TARGET_antibody_3,antibody,1.286,63.6,7.5,1.071,-27.64,0.776,0.727,EXAMPLE_DATA,EXAMPLE_DATA_SYNTHETIC,0
EXAMPLE_DATA_antibody_3_0105,EXAMPLE_TARGET_antibody_3,antibody,1.536,64.4,18.88,-0.918,-15.24,0.516,0.804,EXAMPLE_DATA,EXAMPLE_DATA_SYNTHETIC,0
EXAMPLE_DATA_antibody_3_0106,EXAMPLE_TARGET_antibody_3,antibody,4.482,75.5,9.9,-0.371,-48.82,0.623,0.541,EXAMPLE_DATA,EXAMPLE_DATA_SYNTHETIC,0
EXAMPLE_DATA_antibody_3_0107,EXAMPLE_TARGET_antibody_3,antibody,3.568,57.0,12.42,-0.913,-49.53,0.437,0.796,EXAMPLE_DATA,EXAMPLE_DATA_SYNTHETIC,0
EXAMPLE_DATA_antibody_3_0108,EXAMPLE_TARGET_antibody_3,antibody,3.864,60.2,18.86,-1.572,-21.55,0.899,0.864,EXAMPLE_DATA,EXAMPLE_DATA_SYNTHETIC,0
EXAMPLE_DATA_antibody_3_0109,EXAMPLE_TARGET_antibody_3,antibody,2.904,56.9,18.38,-0.23,-19.94,0.468,0.416,EXAMPLE_DATA,EXAMPLE_DATA_SYNTHETIC,0
EXAMPLE_DATA_antibody_3_0110,EXAMPLE_TARGET_antibody_3,antibody,2.424,91.4,9.16,-1.342,-15.04,0.529,0.873,EXAMPLE_DATA,EXAMPLE_DATA_SYNTHETIC,0
EXAMPLE_DATA_antibody_3_0111,EXAMPLE_TARGET_antibody_3,antibody,4.21,82.4,23.23,-1.199,-20.43,0.465,0.387,EXAMPLE_DATA,EXAMPLE_DATA_SYNTHETIC,0
EXAMPLE_DATA_antibody_3_0112,EXAMPLE_TARGET_antibody_3,antibody,4.1,87.3,8.55,0.503,-11.05,0.522,0.594,EXAMPLE_DATA,EXAMPLE_DATA_SYNTHETIC,0
EXAMPLE_DATA_antibody_3_0113,EXAMPLE_TARGET_antibody_3,antibody,4.441,82.8,5.21,-0.598,-10.74,0.879,0.447,EXAMPLE_DATA,EXAMPLE_DATA_SYNTHETIC,0
EXAMPLE_DATA_antibody_3_0114,EXAMPLE_TARGET_antibody_3,antibody,1.198,55.5,6.82,-0.07,-2.32,0.815,0.88,EXAMPLE_DATA,EXAMPLE_DATA_SYNTHETIC,0
EXAMPLE_DATA_antibody_3_0115,EXAMPLE_TARGET_antibody_3,antibody,4.253,77.7,18.17,1.311,-18.93,0.443,0.619,EXAMPLE_DATA,EXAMPLE_DATA_SYNTHETIC,0
EXAMPLE_DATA_antibody_3_0116,EXAMPLE_TARGET_antibody_3,antibody,1.312,86.4,6.7,-1.462,-25.2,0.683,0.772,EXAMPLE_DATA,EXAMPLE_DATA_SYNTHETIC,1
EXAMPLE_DATA_antibody_3_0117,EXAMPLE_TARGET_antibody_3,antibody,3.245,80.4,23.8,0.792,-6.81,0.564,0.613,EXAMPLE_DATA,EXAMPLE_DATA_SYNTHETIC,0
EXAMPLE_DATA_antibody_3_0118,EXAMPLE_TARGET_antibody_3,antibody,3.373,80.8,23.95,0.859,-39.19,0.444,0.504,EXAMPLE_DATA,EXAMPLE_DATA_SYNTHETIC,0
EXAMPLE_DATA_antibody_3_0119,EXAMPLE_TARGET_antibody_3,antibody,4.203,77.2,20.78,-0.805,-34.46,0.459,0.394,EXAMPLE_DATA,EXAMPLE_DATA_SYNTHETIC,0
