design_id,source,antigen,cdr,mutations,esm1v,ablang,pae_interaction,scrmsd,n_liabilities,synthetic
EXAMPLE_DATA_CDR1_G26A,esm1v,ANTIGEN,CDR1,G26A,0.811,0.547,,,,True
EXAMPLE_DATA_CDR1_G26C,esm1v,ANTIGEN,CDR1,G26C,2.098,0.557,,,,True
EXAMPLE_DATA_CDR1_G26D,esm1v,ANTIGEN,CDR1,G26D,-0.932,0.664,,,,True
EXAMPLE_DATA_CDR1_G26E,esm1v,ANTIGEN,CDR1,G26E,1.867,0.736,,,,True
EXAMPLE_DATA_CDR1_G26F,esm1v,ANTIGEN,CDR1,G26F,-0.518,0.207,,,,True
EXAMPLE_DATA_CDR1_G26H,esm1v,ANTIGEN,CDR1,G26H,-0.965,0.592,,,,True
EXAMPLE_DATA_CDR1_G26I,esm1v,ANTIGEN,CDR1,G26I,2.529,0.509,,,,True
EXAMPLE_DATA_CDR1_G26K,esm1v,ANTIGEN,CDR1,G26K,1.586,0.023,,,,True
EXAMPLE_DATA_CDR1_G26L,esm1v,ANTIGEN,CDR1,G26L,-0.62,0.925,,,,True
EXAMPLE_DATA_CDR1_G26M,esm1v,ANTIGEN,CDR1,G26M,1.553,0.063,,,,True
EXAMPLE_DATA_CDR1_G26N,esm1v,ANTIGEN,CDR1,G26N,-0.087,0.611,,,,True
EXAMPLE_DATA_CDR1_G26P,esm1v,ANTIGEN,CDR1,G26P,-0.254,0.862,,,,True
EXAMPLE_DATA_CDR1_G26Q,esm1v,ANTIGEN,CDR1,G26Q,0.458,0.223,,,,True
EXAMPLE_DATA_CDR1_G26R,esm1v,ANTIGEN,CDR1,G26R,0.071,0.316,,,,True
EXAMPLE_DATA_CDR1_G26S,esm1v,ANTIGEN,CDR1,G26S,2.027,0.239,,,,True
EXAMPLE_DATA_CDR1_G26T,esm1v,ANTIGEN,CDR1,G26T,-0.384,0.07,,,,True
EXAMPLE_DATA_CDR1_G26V,esm1v,ANTIGEN,CDR1,G26V,-1.717,0.634,,,,True
EXAMPLE_DATA_CDR1_G26W,esm1v,ANTIGEN,CDR1,G26W,1.994,0.216,,,,True
EXAMPLE_DATA_CDR1_G26Y,esm1v,ANTIGEN,CDR1,G26Y,-1.451,0.073,,,,True
EXAMPLE_DATA_CDR1_F27A,esm1v,ANTIGEN,CDR1,F27A,2.007,0.763,,,,True
EXAMPLE_DATA_CDR1_F27C,esm1v,ANTIGEN,CDR1,F27C,-2.362,0.343,,,,True
EXAMPLE_DATA_CDR1_F27D,esm1v,ANTIGEN,CDR1,F27D,2.308,0.084,,,,True
EXAMPLE_DATA_CDR1_F27E,esm1v,ANTIGEN,CDR1,F27E,0.046,0.626,,,,True
EXAMPLE_DATA_CDR1_F27G,esm1v,ANTIGEN,CDR1,F27G,-1.425,0.537,,,,True
EXAMPLE_DATA_CDR1_F27H,esm1v,ANTIGEN,CDR1,F27H,-2.556,0.759,,,,True
EXAMPLE_DATA_CDR1_F27I,esm1v,ANTIGEN,CDR1,F27I,1.785,0.751,,,,True
EXAMPLE_DATA_CDR1_F27K,esm1v,ANTIGEN,CDR1,F27K,1.224,0.531,,,,True
EXAMPLE_DATA_CDR1_F27L,esm1v,ANTIGEN,CDR1,F27L,0.68,0.296,,,,True
EXAMPLE_DATA_CDR1_F27M,esm1v,ANTIGEN,CDR1,F27M,2.648,0.591,,,,True
EXAMPLE_DATA_CDR1_F27N,esm1v,ANTIGEN,CDR1,F27N,0.113,0.505,,,,True
EXAMPLE_DATA_CDR1_F27P,esm1v,ANTIGEN,CDR1,F27P,0.342,0.659,,,,True
EXAMPLE_DATA_CDR1_F27Q,esm1v,ANTIGEN,CDR1,F27Q,2.701,0.338,,,,True
EXAMPLE_DATA_CDR1_F27R,esm1v,ANTIGEN,CDR1,F27R,-0.339,0.351,,,,True
EXAMPLE_DATA_CDR1_F27S,esm1v,ANTIGEN,CDR1,F27S,-2.34,0.861,,,,True
EXAMPLE_DATA_CDR1_F27T,esm1v,ANTIGEN,CDR1,F27T,0.416,0.578,,,,True
EXAMPLE_DATA_CDR1_F27V,esm1v,ANTIGEN,CDR1,F27V,-2.915,0.742,,,,True
EXAMPLE_DATA_CDR1_F27W,esm1v,ANTIGEN,CDR1,F27W,1.707,0.22,,,,True
EXAMPLE_DATA_CDR1_F27Y,esm1v,ANTIGEN,CDR1,F27Y,0.96,0.797,,,,True
EXAMPLE_DATA_CDR1_T28A,esm1v,ANTIGEN,CDR1,T28A,-1.063,0.002,,,,True
EXAMPLE_DATA_CDR1_T28C,esm1v,ANTIGEN,CDR1,T28C,-2.881,0.648,,,,True
EXAMPLE_DATA_CDR1_T28D,esm1v,ANTIGEN,CDR1,T28D,-0.233,0.161,,,,True
EXAMPLE_DATA_CDR1_T28E,esm1v,ANTIGEN,CDR1,T28E,-1.717,0.978,,,,True
EXAMPLE_DATA_CDR1_T28F,esm1v,ANTIGEN,CDR1,T28F,0.028,0.023,,,,True
EXAMPLE_DATA_CDR1_T28G,esm1v,ANTIGEN,CDR1,T28G,-2.49,0.654,,,,True
EXAMPLE_DATA_CDR1_T28H,esm1v,ANTIGEN,CDR1,T28H,1.981,0.042,,,,True
EXAMPLE_DATA_CDR1_T28I,esm1v,ANTIGEN,CDR1,T28I,-1.914,0.177,,,,True
EXAMPLE_DATA_CDR1_T28K,esm1v,ANTIGEN,CDR1,T28K,1.192,0.115,,,,True
EXAMPLE_DATA_CDR1_T28L,esm1v,ANTIGEN,CDR1,T28L,0.422,0.785,,,,True
EXAMPLE_DATA_CDR1_T28M,esm1v,ANTIGEN,CDR1,T28M,2.221,0.237,,,,True
EXAMPLE_DATA_CDR1_T28N,esm1v,ANTIGEN,CDR1,T28N,-0.809,0.917,,,,True
EXAMPLE_DATA_CDR1_T28P,esm1v,ANTIGEN,CDR1,T28P,-1.113,0.807,,,,True
EXAMPLE_DATA_CDR1_T28Q,esm1v,ANTIGEN,CDR1,T28Q,-2.3,0.63,,,,True
EXAMPLE_DATA_CDR1_T28R,esm1v,ANTIGEN,CDR1,T28R,-0.884,0.88,,,,True
EXAMPLE_DATA_CDR1_T28S,esm1v,ANTIGEN,CDR1,T28S,-2.967,0.897,,,,True
EXAMPLE_DATA_CDR1_T28V,esm1v,ANTIGEN,CDR1,T28V,-2.749,0.825,,,,True
EXAMPLE_DATA_CDR1_T28W,esm1v,ANTIGEN,CDR1,T28W,-0.188,0.254,,,,True
EXAMPLE_DATA_CDR1_T28Y,esm1v,ANTIGEN,CDR1,T28Y,1.718,0.389,,,,True
EXAMPLE_DATA_CDR1_F29A,esm1v,ANTIGEN,CDR1,F29A,2.114,0.615,,,,True
EXAMPLE_DATA_CDR1_F29C,esm1v,ANTIGEN,CDR1,F29C,-2.335,0.651,,,,True
EXAMPLE_DATA_CDR1_F29D,esm1v,ANTIGEN,CDR1,F29D,-0.35,0.146,,,,True
EXAMPLE_DATA_CDR1_F29E,esm1v,ANTIGEN,CDR1,F29E,2.43,0.916,,,,True
EXAMPLE_DATA_CDR1_F29G,esm1v,ANTIGEN,CDR1,F29G,-1.909,0.338,,,,True
EXAMPLE_DATA_CDR1_F29H,esm1v,ANTIGEN,CDR1,F29H,-1.618,0.736,,,,True
EXAMPLE_DATA_CDR1_F29I,esm1v,ANTIGEN,CDR1,F29I,0.657,0.608,,,,True
EXAMPLE_DATA_CDR1_F29K,esm1v,ANTIGEN,CDR1,F29K,2.923,0.346,,,,True
EXAMPLE_DATA_CDR1_F29L,esm1v,ANTIGEN,CDR1,F29L,2.653,0.718,,,,True
EXAMPLE_DATA_CDR1_F29M,esm1v,ANTIGEN,CDR1,F29M,-0.654,0.443,,,,True
EXAMPLE_DATA_CDR1_F29N,esm1v,ANTIGEN,CDR1,F29N,0.802,0.748,,,,True
EXAMPLE_DATA_CDR1_F29P,esm1v,ANTIGEN,CDR1,F29P,1.691,0.226,,,,True
EXAMPLE_DATA_CDR1_F29Q,esm1v,ANTIGEN,CDR1,F29Q,-1.35,0.232,,,,True
EXAMPLE_DATA_CDR1_F29R,esm1v,ANTIGEN,CDR1,F29R,-2.128,0.995,,,,True
EXAMPLE_DATA_CDR1_F29S,esm1v,ANTIGEN,CDR1,F29S,0.328,0.293,,,,True
EXAMPLE_DATA_CDR1_F29T,esm1v,ANTIGEN,CDR1,F29T,2.353,0.267,,,,True
EXAMPLE_DATA_CDR1_F29V,esm1v,ANTIGEN,CDR1,F29V,-0.579,0.571,,,,True
EXAMPLE_DATA_CDR1_F29W,esm1v,ANTIGEN,CDR1,F29W,2.779,0.902,,,,True
EXAMPLE_DATA_CDR1_F29Y,esm1v,ANTIGEN,CDR1,F29Y,2.559,0.53,,,,True
EXAMPLE_DATA_CDR1_S30A,esm1v,ANTIGEN,CDR1,S30A,-0.624,0.772,,,,True
EXAMPLE_DATA_CDR1_S30C,esm1v,ANTIGEN,CDR1,S30C,2.209,0.801,,,,True
EXAMPLE_DATA_CDR1_S30D,esm1v,ANTIGEN,CDR1,S30D,1.053,0.769,,,,True
EXAMPLE_DATA_CDR1_S30E,esm1v,ANTIGEN,CDR1,S30E,0.809,0.236,,,,True
EXAMPLE_DATA_CDR1_S30F,esm1v,ANTIGEN,CDR1,S30F,-1.06,0.928,,,,True
EXAMPLE_DATA_CDR1_S30G,esm1v,ANTIGEN,CDR1,S30G,-0.016,0.915,,,,True
EXAMPLE_DATA_CDR1_S30H,esm1v,ANTIGEN,CDR1,S30H,-0.492,0.711,,,,True
EXAMPLE_DATA_CDR1_S30I,esm1v,ANTIGEN,CDR1,S30I,2.971,0.711,,,,True
EXAMPLE_DATA_CDR1_S30K,esm1v,ANTIGEN,CDR1,S30K,2.735,0.529,,,,True
EXAMPLE_DATA_CDR1_S30L,esm1v,ANTIGEN,CDR1,S30L,1.264,0.377,,,,True
EXAMPLE_DATA_CDR1_S30M,esm1v,ANTIGEN,CDR1,S30M,-1.45,0.732,,,,True
EXAMPLE_DATA_CDR1_S30N,esm1v,ANTIGEN,CDR1,S30N,-2.245,0.959,,,,True
EXAMPLE_DATA_CDR1_S30P,esm1v,ANTIGEN,CDR1,S30P,0.519,0.407,,,,True
EXAMPLE_DATA_CDR1_S30Q,esm1v,ANTIGEN,CDR1,S30Q,1.767,0.581,,,,True
EXAMPLE_DATA_CDR1_S30R,esm1v,ANTIGEN,CDR1,S30R,-0.31,0.5,,,,True
EXAMPLE_DATA_CDR1_S30T,esm1v,ANTIGEN,CDR1,S30T,-1.122,0.091,,,,True
EXAMPLE_DATA_CDR1_S30V,esm1v,ANTIGEN,CDR1,S30V,0.036,0.648,,,,True
EXAMPLE_DATA_CDR1_S30W,esm1v,ANTIGEN,CDR1,S30W,-0.363,0.485,,,,True
EXAMPLE_DATA_CDR1_S30Y,esm1v,ANTIGEN,CDR1,S30Y,-2.189,0.784,,,,True
EXAMPLE_DATA_CDR1_D31A,esm1v,ANTIGEN,CDR1,D31A,-1.858,0.858,,,,True
EXAMPLE_DATA_CDR1_D31C,esm1v,ANTIGEN,CDR1,D31C,-1.296,0.982,,,,True
EXAMPLE_DATA_CDR1_D31E,esm1v,ANTIGEN,CDR1,D31E,-1.937,0.831,,,,True
EXAMPLE_DATA_CDR1_D31F,esm1v,ANTIGEN,CDR1,D31F,-1.487,0.914,,,,True
EXAMPLE_DATA_CDR1_D31G,esm1v,ANTIGEN,CDR1,D31G,-2.366,0.504,,,,True
EXAMPLE_DATA_CDR1_D31H,esm1v,ANTIGEN,CDR1,D31H,-1.925,0.683,,,,True
EXAMPLE_DATA_CDR1_D31I,esm1v,ANTIGEN,CDR1,D31I,0.547,0.28,,,,True
EXAMPLE_DATA_CDR1_D31K,esm1v,ANTIGEN,CDR1,D31K,0.386,0.113,,,,True
EXAMPLE_DATA_CDR1_D31L,esm1v,ANTIGEN,CDR1,D31L,1.374,0.235,,,,True
EXAMPLE_DATA_CDR1_D31M,esm1v,ANTIGEN,CDR1,D31M,-1.406,0.621,,,,True
EXAMPLE_DATA_CDR1_D31N,esm1v,ANTIGEN,CDR1,D31N,-1.205,0.843,,,,True
EXAMPLE_DATA_CDR1_D31P,esm1v,ANTIGEN,CDR1,D31P,-1.174,0.022,,,,True
EXAMPLE_DATA_CDR1_D31Q,esm1v,ANTIGEN,CDR1,D31Q,2.027,0.587,,,,True
EXAMPLE_DATA_CDR1_D31R,esm1v,ANTIGEN,CDR1,D31R,-2.041,0.418,,,,True
EXAMPLE_DATA_CDR1_D31S,esm1v,ANTIGEN,CDR1,D31S,-1.355,0.807,,,,True
EXAMPLE_DATA_CDR1_D31T,esm1v,ANTIGEN,CDR1,D31T,1.211,0.299,,,,True
EXAMPLE_DATA_CDR1_D31V,esm1v,ANTIGEN,CDR1,D31V,-0.224,0.133,,,,True
EXAMPLE_DATA_CDR1_D31W,esm1v,ANTIGEN,CDR1,D31W,-2.158,0.842,,,,True
EXAMPLE_DATA_CDR1_D31Y,esm1v,ANTIGEN,CDR1,D31Y,1.866,0.755,,,,True
EXAMPLE_DATA_CDR1_Y32A,esm1v,ANTIGEN,CDR1,Y32A,1.622,0.565,,,,True
EXAMPLE_DATA_CDR1_Y32C,esm1v,ANTIGEN,CDR1,Y32C,1.897,0.887,,,,True
EXAMPLE_DATA_CDR1_Y32D,esm1v,ANTIGEN,CDR1,Y32D,-1.395,0.282,,,,True
EXAMPLE_DATA_CDR1_Y32E,esm1v,ANTIGEN,CDR1,Y32E,-1.388,0.681,,,,True
EXAMPLE_DATA_CDR1_Y32F,esm1v,ANTIGEN,CDR1,Y32F,1.331,0.374,,,,True
EXAMPLE_DATA_CDR1_Y32G,esm1v,ANTIGEN,CDR1,Y32G,-1.372,0.752,,,,True
EXAMPLE_DATA_CDR1_Y32H,esm1v,ANTIGEN,CDR1,Y32H,1.718,0.351,,,,True
EXAMPLE_DATA_CDR1_Y32I,esm1v,ANTIGEN,CDR1,Y32I,1.009,0.747,,,,True
EXAMPLE_DATA_CDR1_Y32K,esm1v,ANTIGEN,CDR1,Y32K,-2.681,0.838,,,,True
EXAMPLE_DATA_CDR1_Y32L,esm1v,ANTIGEN,CDR1,Y32L,-2.046,0.593,,,,True
EXAMPLE_DATA_CDR1_Y32M,esm1v,ANTIGEN,CDR1,Y32M,-0.479,0.97,,,,True
EXAMPLE_DATA_CDR1_Y32N,esm1v,ANTIGEN,CDR1,Y32N,1.25,0.12,,,,True
EXAMPLE_DATA_CDR1_Y32P,esm1v,ANTIGEN,CDR1,Y32P,0.691,0.974,,,,True
EXAMPLE_DATA_CDR1_Y32Q,esm1v,ANTIGEN,CDR1,Y32Q,0.509,0.205,,,,True
EXAMPLE_DATA_CDR1_Y32R,esm1v,ANTIGEN,CDR1,Y32R,-0.784,0.748,,,,True
EXAMPLE_DATA_CDR1_Y32S,esm1v,ANTIGEN,CDR1,Y32S,2.131,0.984,,,,True
EXAMPLE_DATA_CDR1_Y32T,esm1v,ANTIGEN,CDR1,Y32T,-2.111,0.735,,,,True
EXAMPLE_DATA_CDR1_Y32V,esm1v,ANTIGEN,CDR1,Y32V,-0.462,0.286,,,,True
EXAMPLE_DATA_CDR1_Y32W,esm1v,ANTIGEN,CDR1,Y32W,1.33,0.847,,,,True
EXAMPLE_DATA_CDR1_A33C,esm1v,ANTIGEN,CDR1,A33C,1.766,0.522,,,,True
EXAMPLE_DATA_CDR1_A33D,esm1v,ANTIGEN,CDR1,A33D,-1.204,0.786,,,,True
EXAMPLE_DATA_CDR1_A33E,esm1v,ANTIGEN,CDR1,A33E,2.542,0.227,,,,True
EXAMPLE_DATA_CDR1_A33F,esm1v,ANTIGEN,CDR1,A33F,-0.005,0.598,,,,True
EXAMPLE_DATA_CDR1_A33G,esm1v,ANTIGEN,CDR1,A33G,-0.317,0.111,,,,True
EXAMPLE_DATA_CDR1_A33H,esm1v,ANTIGEN,CDR1,A33H,2.947,0.021,,,,True
EXAMPLE_DATA_CDR1_A33I,esm1v,ANTIGEN,CDR1,A33I,0.21,0.134,,,,True
EXAMPLE_DATA_CDR1_A33K,esm1v,ANTIGEN,CDR1,A33K,-1.629,0.322,,,,True
EXAMPLE_DATA_CDR1_A33L,esm1v,ANTIGEN,CDR1,A33L,0.807,0.667,,,,True
EXAMPLE_DATA_CDR1_A33M,esm1v,ANTIGEN,CDR1,A33M,-2.774,0.898,,,,True
EXAMPLE_DATA_CDR1_A33N,esm1v,ANTIGEN,CDR1,A33N,-2.678,0.665,,,,True
EXAMPLE_DATA_CDR1_A33P,esm1v,ANTIGEN,CDR1,A33P,-1.545,0.302,,,,True
EXAMPLE_DATA_CDR1_A33Q,esm1v,ANTIGEN,CDR1,A33Q,-1.487,0.287,,,,True
EXAMPLE_DATA_CDR1_A33R,esm1v,ANTIGEN,CDR1,A33R,-2.077,0.812,,,,True
EXAMPLE_DATA_CDR1_A33S,esm1v,ANTIGEN,CDR1,A33S,1.48,0.603,,,,True
EXAMPLE_DATA_CDR1_A33T,esm1v,ANTIGEN,CDR1,A33T,-0.535,0.244,,,,True
EXAMPLE_DATA_CDR1_A33V,esm1v,ANTIGEN,CDR1,A33V,0.211,0.275,,,,True
EXAMPLE_DATA_CDR1_A33W,esm1v,ANTIGEN,CDR1,A33W,0.956,0.986,,,,True
EXAMPLE_DATA_CDR1_A33Y,esm1v,ANTIGEN,CDR1,A33Y,-0.126,0.08,,,,True
EXAMPLE_DATA_CDR2_I48A,esm1v,ANTIGEN,CDR2,I48A,-0.807,0.288,,,,True
EXAMPLE_DATA_CDR2_I48C,esm1v,ANTIGEN,CDR2,I48C,-1.829,0.196,,,,True
EXAMPLE_DATA_CDR2_I48D,esm1v,ANTIGEN,CDR2,I48D,-1.286,0.526,,,,True
EXAMPLE_DATA_CDR2_I48E,esm1v,ANTIGEN,CDR2,I48E,-2.424,0.849,,,,True
EXAMPLE_DATA_CDR2_I48F,esm1v,ANTIGEN,CDR2,I48F,1.206,0.144,,,,True
EXAMPLE_DATA_CDR2_I48G,esm1v,ANTIGEN,CDR2,I48G,0.124,0.492,,,,True
EXAMPLE_DATA_CDR2_I48H,esm1v,ANTIGEN,CDR2,I48H,1.818,0.686,,,,True
EXAMPLE_DATA_CDR2_I48K,esm1v,ANTIGEN,CDR2,I48K,-1.227,0.252,,,,True
EXAMPLE_DATA_CDR2_I48L,esm1v,ANTIGEN,CDR2,I48L,-2.184,0.203,,,,True
EXAMPLE_DATA_CDR2_I48M,esm1v,ANTIGEN,CDR2,I48M,-2.742,0.663,,,,True
EXAMPLE_DATA_CDR2_I48N,esm1v,ANTIGEN,CDR2,I48N,-1.349,0.227,,,,True
EXAMPLE_DATA_CDR2_I48P,esm1v,ANTIGEN,CDR2,I48P,2.216,0.052,,,,True
EXAMPLE_DATA_CDR2_I48Q,esm1v,ANTIGEN,CDR2,I48Q,-1.651,0.922,,,,True
EXAMPLE_DATA_CDR2_I48R,esm1v,ANTIGEN,CDR2,I48R,0.185,0.131,,,,True
EXAMPLE_DATA_CDR2_I48S,esm1v,ANTIGEN,CDR2,I48S,0.742,0.446,,,,True
EXAMPLE_DATA_CDR2_I48T,esm1v,ANTIGEN,CDR2,I48T,1.023,0.336,,,,True
EXAMPLE_DATA_CDR2_I48V,esm1v,ANTIGEN,CDR2,I48V,-0.368,0.919,,,,True
EXAMPLE_DATA_CDR2_I48W,esm1v,ANTIGEN,CDR2,I48W,1.049,0.654,,,,True
EXAMPLE_DATA_CDR2_I48Y,esm1v,ANTIGEN,CDR2,I48Y,-1.303,0.952,,,,True
EXAMPLE_DATA_CDR2_S49A,esm1v,ANTIGEN,CDR2,S49A,1.985,0.806,,,,True
EXAMPLE_DATA_CDR2_S49C,esm1v,ANTIGEN,CDR2,S49C,-1.582,0.26,,,,True
EXAMPLE_DATA_CDR2_S49D,esm1v,ANTIGEN,CDR2,S49D,0.99,0.83,,,,True
EXAMPLE_DATA_CDR2_S49E,esm1v,ANTIGEN,CDR2,S49E,2.192,0.265,,,,True
EXAMPLE_DATA_CDR2_S49F,esm1v,ANTIGEN,CDR2,S49F,0.8,0.331,,,,True
EXAMPLE_DATA_CDR2_S49G,esm1v,ANTIGEN,CDR2,S49G,-1.511,0.026,,,,True
EXAMPLE_DATA_CDR2_S49H,esm1v,ANTIGEN,CDR2,S49H,-1.391,0.455,,,,True
EXAMPLE_DATA_CDR2_S49I,esm1v,ANTIGEN,CDR2,S49I,0.532,0.686,,,,True
EXAMPLE_DATA_CDR2_S49K,esm1v,ANTIGEN,CDR2,S49K,-1.942,0.001,,,,True
EXAMPLE_DATA_CDR2_S49L,esm1v,ANTIGEN,CDR2,S49L,0.244,0.886,,,,True
EXAMPLE_DATA_CDR2_S49M,esm1v,ANTIGEN,CDR2,S49M,-2.661,0.923,,,,True
EXAMPLE_DATA_CDR2_S49N,esm1v,ANTIGEN,CDR2,S49N,2.421,0.421,,,,True
EXAMPLE_DATA_CDR2_S49P,esm1v,ANTIGEN,CDR2,S49P,-1.477,0.108,,,,True
EXAMPLE_DATA_CDR2_S49Q,esm1v,ANTIGEN,CDR2,S49Q,-2.681,0.322,,,,True
EXAMPLE_DATA_CDR2_S49R,esm1v,ANTIGEN,CDR2,S49R,-0.617,0.464,,,,True
EXAMPLE_DATA_CDR2_S49T,esm1v,ANTIGEN,CDR2,S49T,1.397,0.911,,,,True
EXAMPLE_DATA_CDR2_S49V,esm1v,ANTIGEN,CDR2,S49V,1.447,0.41,,,,True
EXAMPLE_DATA_CDR2_S49W,esm1v,ANTIGEN,CDR2,S49W,2.327,0.043,,,,True
EXAMPLE_DATA_CDR2_S49Y,esm1v,ANTIGEN,CDR2,S49Y,-1.72,0.392,,,,True
EXAMPLE_DATA_CDR2_G50A,esm1v,ANTIGEN,CDR2,G50A,2.002,0.794,,,,True
EXAMPLE_DATA_CDR2_G50C,esm1v,ANTIGEN,CDR2,G50C,-0.955,0.458,,,,True
EXAMPLE_DATA_CDR2_G50D,esm1v,ANTIGEN,CDR2,G50D,2.474,0.169,,,,True
EXAMPLE_DATA_CDR2_G50E,esm1v,ANTIGEN,CDR2,G50E,-0.097,0.153,,,,True
EXAMPLE_DATA_CDR2_G50F,esm1v,ANTIGEN,CDR2,G50F,1.468,0.115,,,,True
EXAMPLE_DATA_CDR2_G50H,esm1v,ANTIGEN,CDR2,G50H,-0.916,0.863,,,,True
EXAMPLE_DATA_CDR2_G50I,esm1v,ANTIGEN,CDR2,G50I,2.471,0.556,,,,True
EXAMPLE_DATA_CDR2_G50K,esm1v,ANTIGEN,CDR2,G50K,-2.853,0.48,,,,True
EXAMPLE_DATA_CDR2_G50L,esm1v,ANTIGEN,CDR2,G50L,-0.995,0.888,,,,True
EXAMPLE_DATA_CDR2_G50M,esm1v,ANTIGEN,CDR2,G50M,-1.822,0.761,,,,True
EXAMPLE_DATA_CDR2_G50N,esm1v,ANTIGEN,CDR2,G50N,2.078,0.764,,,,True
EXAMPLE_DATA_CDR2_G50P,esm1v,ANTIGEN,CDR2,G50P,-1.527,0.928,,,,True
EXAMPLE_DATA_CDR2_G50Q,esm1v,ANTIGEN,CDR2,G50Q,-0.241,0.928,,,,True
EXAMPLE_DATA_CDR2_G50R,esm1v,ANTIGEN,CDR2,G50R,1.672,0.964,,,,True
EXAMPLE_DATA_CDR2_G50S,esm1v,ANTIGEN,CDR2,G50S,-1.743,0.738,,,,True
EXAMPLE_DATA_CDR2_G50T,esm1v,ANTIGEN,CDR2,G50T,-2.431,0.515,,,,True
EXAMPLE_DATA_CDR2_G50V,esm1v,ANTIGEN,CDR2,G50V,-2.949,0.659,,,,True
EXAMPLE_DATA_CDR2_G50W,esm1v,ANTIGEN,CDR2,G50W,-0.747,0.462,,,,True
EXAMPLE_DATA_CDR2_G50Y,esm1v,ANTIGEN,CDR2,G50Y,0.516,0.979,,,,True
EXAMPLE_DATA_CDR2_S51A,esm1v,ANTIGEN,CDR2,S51A,1.467,0.749,,,,True
EXAMPLE_DATA_CDR2_S51C,esm1v,ANTIGEN,CDR2,S51C,1.273,0.178,,,,True
EXAMPLE_DATA_CDR2_S51D,esm1v,ANTIGEN,CDR2,S51D,-1.294,0.048,,,,True
EXAMPLE_DATA_CDR2_S51E,esm1v,ANTIGEN,CDR2,S51E,2.271,0.751,,,,True
EXAMPLE_DATA_CDR2_S51F,esm1v,ANTIGEN,CDR2,S51F,-2.332,0.456,,,,True
EXAMPLE_DATA_CDR2_S51G,esm1v,ANTIGEN,CDR2,S51G,-0.642,0.972,,,,True
EXAMPLE_DATA_CDR2_S51H,esm1v,ANTIGEN,CDR2,S51H,0.626,0.533,,,,True
EXAMPLE_DATA_CDR2_S51I,esm1v,ANTIGEN,CDR2,S51I,1.476,0.726,,,,True
EXAMPLE_DATA_CDR2_S51K,esm1v,ANTIGEN,CDR2,S51K,-0.284,0.879,,,,True
EXAMPLE_DATA_CDR2_S51L,esm1v,ANTIGEN,CDR2,S51L,2.327,0.561,,,,True
EXAMPLE_DATA_CDR2_S51M,esm1v,ANTIGEN,CDR2,S51M,-2.904,0.509,,,,True
EXAMPLE_DATA_CDR2_S51N,esm1v,ANTIGEN,CDR2,S51N,-1.496,0.25,,,,True
EXAMPLE_DATA_CDR2_S51P,esm1v,ANTIGEN,CDR2,S51P,-2.768,0.774,,,,True
EXAMPLE_DATA_CDR2_S51Q,esm1v,ANTIGEN,CDR2,S51Q,0.584,0.078,,,,True
EXAMPLE_DATA_CDR2_S51R,esm1v,ANTIGEN,CDR2,S51R,1.694,0.679,,,,True
EXAMPLE_DATA_CDR2_S51T,esm1v,ANTIGEN,CDR2,S51T,1.875,0.779,,,,True
EXAMPLE_DATA_CDR2_S51V,esm1v,ANTIGEN,CDR2,S51V,-1.713,0.651,,,,True
EXAMPLE_DATA_CDR2_S51W,esm1v,ANTIGEN,CDR2,S51W,-1.559,0.912,,,,True
EXAMPLE_DATA_CDR2_S51Y,esm1v,ANTIGEN,CDR2,S51Y,0.676,0.163,,,,True
EXAMPLE_DATA_CDR2_G52A,esm1v,ANTIGEN,CDR2,G52A,1.063,0.59,,,,True
EXAMPLE_DATA_CDR2_G52C,esm1v,ANTIGEN,CDR2,G52C,1.034,0.682,,,,True
EXAMPLE_DATA_CDR2_G52D,esm1v,ANTIGEN,CDR2,G52D,-1.429,0.305,,,,True
EXAMPLE_DATA_CDR2_G52E,esm1v,ANTIGEN,CDR2,G52E,0.916,0.727,,,,True
EXAMPLE_DATA_CDR2_G52F,esm1v,ANTIGEN,CDR2,G52F,1.631,0.554,,,,True
EXAMPLE_DATA_CDR2_G52H,esm1v,ANTIGEN,CDR2,G52H,-0.46,0.519,,,,True
EXAMPLE_DATA_CDR2_G52I,esm1v,ANTIGEN,CDR2,G52I,-2.787,0.26,,,,True
EXAMPLE_DATA_CDR2_G52K,esm1v,ANTIGEN,CDR2,G52K,-1.811,0.364,,,,True
EXAMPLE_DATA_CDR2_G52L,esm1v,ANTIGEN,CDR2,G52L,0.533,0.48,,,,True
EXAMPLE_DATA_CDR2_G52M,esm1v,ANTIGEN,CDR2,G52M,-2.235,0.984,,,,True
EXAMPLE_DATA_CDR2_G52N,esm1v,ANTIGEN,CDR2,G52N,2.019,0.127,,,,True
EXAMPLE_DATA_CDR2_G52P,esm1v,ANTIGEN,CDR2,G52P,-1.739,0.233,,,,True
EXAMPLE_DATA_CDR2_G52Q,esm1v,ANTIGEN,CDR2,G52Q,-1.692,0.236,,,,True
EXAMPLE_DATA_CDR2_G52R,esm1v,ANTIGEN,CDR2,G52R,2.493,0.326,,,,True
EXAMPLE_DATA_CDR2_G52S,esm1v,ANTIGEN,CDR2,G52S,-1.879,0.911,,,,True
EXAMPLE_DATA_CDR2_G52T,esm1v,ANTIGEN,CDR2,G52T,-2.06,0.903,,,,True
EXAMPLE_DATA_CDR2_G52V,esm1v,ANTIGEN,CDR2,G52V,2.953,0.814,,,,True
EXAMPLE_DATA_CDR2_G52W,esm1v,ANTIGEN,CDR2,G52W,1.59,0.59,,,,True
EXAMPLE_DATA_CDR2_G52Y,esm1v,ANTIGEN,CDR2,G52Y,-2.451,0.04,,,,True
EXAMPLE_DATA_CDR2_G53A,esm1v,ANTIGEN,CDR2,G53A,-1.621,0.209,,,,True
EXAMPLE_DATA_CDR2_G53C,esm1v,ANTIGEN,CDR2,G53C,-1.52,0.503,,,,True
EXAMPLE_DATA_CDR2_G53D,esm1v,ANTIGEN,CDR2,G53D,-2.898,0.003,,,,True
EXAMPLE_DATA_CDR2_G53E,esm1v,ANTIGEN,CDR2,G53E,0.976,0.722,,,,True
EXAMPLE_DATA_CDR2_G53F,esm1v,ANTIGEN,CDR2,G53F,0.567,0.258,,,,True
EXAMPLE_DATA_CDR2_G53H,esm1v,ANTIGEN,CDR2,G53H,0.373,0.954,,,,True
EXAMPLE_DATA_CDR2_G53I,esm1v,ANTIGEN,CDR2,G53I,1.057,0.639,,,,True
EXAMPLE_DATA_CDR2_G53K,esm1v,ANTIGEN,CDR2,G53K,-1.187,0.396,,,,True
EXAMPLE_DATA_CDR2_G53L,esm1v,ANTIGEN,CDR2,G53L,1.043,0.455,,,,True
EXAMPLE_DATA_CDR2_G53M,esm1v,ANTIGEN,CDR2,G53M,-2.873,0.739,,,,True
EXAMPLE_DATA_CDR2_G53N,esm1v,ANTIGEN,CDR2,G53N,2.442,0.451,,,,True
EXAMPLE_DATA_CDR2_G53P,esm1v,ANTIGEN,CDR2,G53P,2.53,0.315,,,,True
EXAMPLE_DATA_CDR2_G53Q,esm1v,ANTIGEN,CDR2,G53Q,-2.002,0.335,,,,True
EXAMPLE_DATA_CDR2_G53R,esm1v,ANTIGEN,CDR2,G53R,0.217,0.519,,,,True
EXAMPLE_DATA_CDR2_G53S,esm1v,ANTIGEN,CDR2,G53S,1.968,0.097,,,,True
EXAMPLE_DATA_CDR2_G53T,esm1v,ANTIGEN,CDR2,G53T,1.429,0.408,,,,True
EXAMPLE_DATA_CDR2_G53V,esm1v,ANTIGEN,CDR2,G53V,0.226,0.792,,,,True
EXAMPLE_DATA_CDR2_G53W,esm1v,ANTIGEN,CDR2,G53W,0.767,0.565,,,,True
EXAMPLE_DATA_CDR2_G53Y,esm1v,ANTIGEN,CDR2,G53Y,1.713,0.437,,,,True
EXAMPLE_DATA_CDR2_S54A,esm1v,ANTIGEN,CDR2,S54A,1.321,0.354,,,,True
EXAMPLE_DATA_CDR2_S54C,esm1v,ANTIGEN,CDR2,S54C,-2.727,0.429,,,,True
EXAMPLE_DATA_CDR2_S54D,esm1v,ANTIGEN,CDR2,S54D,0.579,0.314,,,,True
EXAMPLE_DATA_CDR2_S54E,esm1v,ANTIGEN,CDR2,S54E,2.659,0.98,,,,True
EXAMPLE_DATA_CDR2_S54F,esm1v,ANTIGEN,CDR2,S54F,1.097,0.077,,,,True
EXAMPLE_DATA_CDR2_S54G,esm1v,ANTIGEN,CDR2,S54G,1.237,0.535,,,,True
EXAMPLE_DATA_CDR2_S54H,esm1v,ANTIGEN,CDR2,S54H,-1.571,0.762,,,,True
EXAMPLE_DATA_CDR2_S54I,esm1v,ANTIGEN,CDR2,S54I,2.855,0.298,,,,True
EXAMPLE_DATA_CDR2_S54K,esm1v,ANTIGEN,CDR2,S54K,0.788,0.495,,,,True
EXAMPLE_DATA_CDR2_S54L,esm1v,ANTIGEN,CDR2,S54L,-1.508,0.335,,,,True
EXAMPLE_DATA_CDR2_S54M,esm1v,ANTIGEN,CDR2,S54M,-1.083,0.659,,,,True
EXAMPLE_DATA_CDR2_S54N,esm1v,ANTIGEN,CDR2,S54N,1.482,0.176,,,,True
EXAMPLE_DATA_CDR2_S54P,esm1v,ANTIGEN,CDR2,S54P,0.022,0.82,,,,True
EXAMPLE_DATA_CDR2_S54Q,esm1v,ANTIGEN,CDR2,S54Q,-2.708,0.887,,,,True
EXAMPLE_DATA_CDR2_S54R,esm1v,ANTIGEN,CDR2,S54R,-0.77,0.24,,,,True
EXAMPLE_DATA_CDR2_S54T,esm1v,ANTIGEN,CDR2,S54T,0.287,0.744,,,,True
EXAMPLE_DATA_CDR2_S54V,esm1v,ANTIGEN,CDR2,S54V,1.755,0.908,,,,True
EXAMPLE_DATA_CDR2_S54W,esm1v,ANTIGEN,CDR2,S54W,0.25,0.727,,,,True
EXAMPLE_DATA_CDR2_S54Y,esm1v,ANTIGEN,CDR2,S54Y,-0.463,0.891,,,,True
EXAMPLE_DATA_CDR2_T55A,esm1v,ANTIGEN,CDR2,T55A,0.964,0.437,,,,True
EXAMPLE_DATA_CDR2_T55C,esm1v,ANTIGEN,CDR2,T55C,1.686,0.149,,,,True
EXAMPLE_DATA_CDR2_T55D,esm1v,ANTIGEN,CDR2,T55D,-0.085,0.698,,,,True
EXAMPLE_DATA_CDR2_T55E,esm1v,ANTIGEN,CDR2,T55E,-2.614,0.697,,,,True
EXAMPLE_DATA_CDR2_T55F,esm1v,ANTIGEN,CDR2,T55F,2.403,0.04,,,,True
EXAMPLE_DATA_CDR2_T55G,esm1v,ANTIGEN,CDR2,T55G,2.77,0.448,,,,True
EXAMPLE_DATA_CDR2_T55H,esm1v,ANTIGEN,CDR2,T55H,2.678,0.085,,,,True
EXAMPLE_DATA_CDR2_T55I,esm1v,ANTIGEN,CDR2,T55I,-1.558,0.131,,,,True
EXAMPLE_DATA_CDR2_T55K,esm1v,ANTIGEN,CDR2,T55K,-0.03,0.243,,,,True
EXAMPLE_DATA_CDR2_T55L,esm1v,ANTIGEN,CDR2,T55L,2.351,0.911,,,,True
EXAMPLE_DATA_CDR2_T55M,esm1v,ANTIGEN,CDR2,T55M,-0.397,0.322,,,,True
EXAMPLE_DATA_CDR2_T55N,esm1v,ANTIGEN,CDR2,T55N,-1.501,0.786,,,,True
EXAMPLE_DATA_CDR2_T55P,esm1v,ANTIGEN,CDR2,T55P,-1.876,0.234,,,,True
EXAMPLE_DATA_CDR2_T55Q,esm1v,ANTIGEN,CDR2,T55Q,1.076,0.246,,,,True
EXAMPLE_DATA_CDR2_T55R,esm1v,ANTIGEN,CDR2,T55R,-2.887,0.387,,,,True
EXAMPLE_DATA_CDR2_T55S,esm1v,ANTIGEN,CDR2,T55S,-1.383,0.757,,,,True
EXAMPLE_DATA_CDR2_T55V,esm1v,ANTIGEN,CDR2,T55V,-1.633,0.924,,,,True
EXAMPLE_DATA_CDR2_T55W,esm1v,ANTIGEN,CDR2,T55W,-1.452,0.99,,,,True
EXAMPLE_DATA_CDR2_T55Y,esm1v,ANTIGEN,CDR2,T55Y,0.636,0.094,,,,True
EXAMPLE_DATA_CDR3_A86C,esm1v,ANTIGEN,CDR3,A86C,-1.501,0.573,,,,True
EXAMPLE_DATA_CDR3_A86D,esm1v,ANTIGEN,CDR3,A86D,-1.985,0.61,,,,True
EXAMPLE_DATA_CDR3_A86E,esm1v,ANTIGEN,CDR3,A86E,-2.598,0.038,,,,True
EXAMPLE_DATA_CDR3_A86F,esm1v,ANTIGEN,CDR3,A86F,-0.067,0.131,,,,True
EXAMPLE_DATA_CDR3_A86G,esm1v,ANTIGEN,CDR3,A86G,2.079,0.332,,,,True
EXAMPLE_DATA_CDR3_A86H,esm1v,ANTIGEN,CDR3,A86H,-0.283,0.882,,,,True
EXAMPLE_DATA_CDR3_A86I,esm1v,ANTIGEN,CDR3,A86I,1.074,0.008,,,,True
EXAMPLE_DATA_CDR3_A86K,esm1v,ANTIGEN,CDR3,A86K,-2.874,0.736,,,,True
EXAMPLE_DATA_CDR3_A86L,esm1v,ANTIGEN,CDR3,A86L,-2.62,0.793,,,,True
EXAMPLE_DATA_CDR3_A86M,esm1v,ANTIGEN,CDR3,A86M,-0.525,0.553,,,,True
EXAMPLE_DATA_CDR3_A86N,esm1v,ANTIGEN,CDR3,A86N,1.118,0.735,,,,True
EXAMPLE_DATA_CDR3_A86P,esm1v,ANTIGEN,CDR3,A86P,2.835,0.306,,,,True
EXAMPLE_DATA_CDR3_A86Q,esm1v,ANTIGEN,CDR3,A86Q,-1.562,0.237,,,,True
EXAMPLE_DATA_CDR3_A86R,esm1v,ANTIGEN,CDR3,A86R,1.331,0.976,,,,True
EXAMPLE_DATA_CDR3_A86S,esm1v,ANTIGEN,CDR3,A86S,1.226,0.963,,,,True
EXAMPLE_DATA_CDR3_A86T,esm1v,ANTIGEN,CDR3,A86T,-1.095,0.278,,,,True
EXAMPLE_DATA_CDR3_A86V,esm1v,ANTIGEN,CDR3,A86V,0.058,0.05,,,,True
EXAMPLE_DATA_CDR3_A86W,esm1v,ANTIGEN,CDR3,A86W,1.964,0.734,,,,True
EXAMPLE_DATA_CDR3_A86Y,esm1v,ANTIGEN,CDR3,A86Y,-1.14,0.197,,,,True
EXAMPLE_DATA_CDR3_R87A,esm1v,ANTIGEN,CDR3,R87A,-1.258,0.768,,,,True
EXAMPLE_DATA_CDR3_R87C,esm1v,ANTIGEN,CDR3,R87C,2.401,0.282,,,,True
EXAMPLE_DATA_CDR3_R87D,esm1v,ANTIGEN,CDR3,R87D,1.007,0.822,,,,True
EXAMPLE_DATA_CDR3_R87E,esm1v,ANTIGEN,CDR3,R87E,-1.439,0.404,,,,True
EXAMPLE_DATA_CDR3_R87F,esm1v,ANTIGEN,CDR3,R87F,-2.916,0.095,,,,True
EXAMPLE_DATA_CDR3_R87G,esm1v,ANTIGEN,CDR3,R87G,1.727,0.926,,,,True
EXAMPLE_DATA_CDR3_R87H,esm1v,ANTIGEN,CDR3,R87H,0.541,0.843,,,,True
EXAMPLE_DATA_CDR3_R87I,esm1v,ANTIGEN,CDR3,R87I,-0.819,0.062,,,,True
EXAMPLE_DATA_CDR3_R87K,esm1v,ANTIGEN,CDR3,R87K,-2.933,0.948,,,,True
EXAMPLE_DATA_CDR3_R87L,esm1v,ANTIGEN,CDR3,R87L,-1.401,0.144,,,,True
EXAMPLE_DATA_CDR3_R87M,esm1v,ANTIGEN,CDR3,R87M,2.522,0.029,,,,True
EXAMPLE_DATA_CDR3_R87N,esm1v,ANTIGEN,CDR3,R87N,-2.77,0.047,,,,True
EXAMPLE_DATA_CDR3_R87P,esm1v,ANTIGEN,CDR3,R87P,-2.18,0.588,,,,True
EXAMPLE_DATA_CDR3_R87Q,esm1v,ANTIGEN,CDR3,R87Q,-2.217,0.739,,,,True
EXAMPLE_DATA_CDR3_R87S,esm1v,ANTIGEN,CDR3,R87S,0.172,0.091,,,,True
EXAMPLE_DATA_CDR3_R87T,esm1v,ANTIGEN,CDR3,R87T,-0.321,0.062,,,,True
EXAMPLE_DATA_CDR3_R87V,esm1v,ANTIGEN,CDR3,R87V,-0.67,0.83,,,,True
EXAMPLE_DATA_CDR3_R87W,esm1v,ANTIGEN,CDR3,R87W,-1.92,0.777,,,,True
EXAMPLE_DATA_CDR3_R87Y,esm1v,ANTIGEN,CDR3,R87Y,2.492,0.985,,,,True
EXAMPLE_DATA_CDR3_D88A,esm1v,ANTIGEN,CDR3,D88A,0.077,0.929,,,,True
EXAMPLE_DATA_CDR3_D88C,esm1v,ANTIGEN,CDR3,D88C,-2.603,0.843,,,,True
EXAMPLE_DATA_CDR3_D88E,esm1v,ANTIGEN,CDR3,D88E,-2.389,0.144,,,,True
EXAMPLE_DATA_CDR3_D88F,esm1v,ANTIGEN,CDR3,D88F,-2.236,0.786,,,,True
EXAMPLE_DATA_CDR3_D88G,esm1v,ANTIGEN,CDR3,D88G,-2.016,0.101,,,,True
EXAMPLE_DATA_CDR3_D88H,esm1v,ANTIGEN,CDR3,D88H,-0.941,0.747,,,,True
EXAMPLE_DATA_CDR3_D88I,esm1v,ANTIGEN,CDR3,D88I,2.212,0.967,,,,True
EXAMPLE_DATA_CDR3_D88K,esm1v,ANTIGEN,CDR3,D88K,-2.784,0.05,,,,True
EXAMPLE_DATA_CDR3_D88L,esm1v,ANTIGEN,CDR3,D88L,-2.459,0.667,,,,True
EXAMPLE_DATA_CDR3_D88M,esm1v,ANTIGEN,CDR3,D88M,0.852,0.074,,,,True
EXAMPLE_DATA_CDR3_D88N,esm1v,ANTIGEN,CDR3,D88N,2.789,0.316,,,,True
EXAMPLE_DATA_CDR3_D88P,esm1v,ANTIGEN,CDR3,D88P,-2.974,0.717,,,,True
EXAMPLE_DATA_CDR3_D88Q,esm1v,ANTIGEN,CDR3,D88Q,2.329,0.503,,,,True
EXAMPLE_DATA_CDR3_D88R,esm1v,ANTIGEN,CDR3,D88R,0.346,0.011,,,,True
EXAMPLE_DATA_CDR3_D88S,esm1v,ANTIGEN,CDR3,D88S,-1.529,0.095,,,,True
EXAMPLE_DATA_CDR3_D88T,esm1v,ANTIGEN,CDR3,D88T,-2.417,0.752,,,,True
EXAMPLE_DATA_CDR3_D88V,esm1v,ANTIGEN,CDR3,D88V,1.647,0.178,,,,True
EXAMPLE_DATA_CDR3_D88W,esm1v,ANTIGEN,CDR3,D88W,1.6,0.94,,,,True
EXAMPLE_DATA_CDR3_D88Y,esm1v,ANTIGEN,CDR3,D88Y,-1.718,0.769,,,,True
EXAMPLE_DATA_CDR3_R89A,esm1v,ANTIGEN,CDR3,R89A,2.768,0.269,,,,True
EXAMPLE_DATA_CDR3_R89C,esm1v,ANTIGEN,CDR3,R89C,-1.997,0.2,,,,True
EXAMPLE_DATA_CDR3_R89D,esm1v,ANTIGEN,CDR3,R89D,0.423,0.518,,,,True
EXAMPLE_DATA_CDR3_R89E,esm1v,ANTIGEN,CDR3,R89E,-2.76,0.111,,,,True
EXAMPLE_DATA_CDR3_R89F,esm1v,ANTIGEN,CDR3,R89F,-1.509,0.478,,,,True
EXAMPLE_DATA_CDR3_R89G,esm1v,ANTIGEN,CDR3,R89G,-2.025,0.972,,,,True
EXAMPLE_DATA_CDR3_R89H,esm1v,ANTIGEN,CDR3,R89H,-1.482,0.596,,,,True
EXAMPLE_DATA_CDR3_R89I,esm1v,ANTIGEN,CDR3,R89I,0.703,0.271,,,,True
EXAMPLE_DATA_CDR3_R89K,esm1v,ANTIGEN,CDR3,R89K,1.219,0.244,,,,True
EXAMPLE_DATA_CDR3_R89L,esm1v,ANTIGEN,CDR3,R89L,-0.573,0.801,,,,True
EXAMPLE_DATA_CDR3_R89M,esm1v,ANTIGEN,CDR3,R89M,-2.809,0.344,,,,True
EXAMPLE_DATA_CDR3_R89N,esm1v,ANTIGEN,CDR3,R89N,0.118,0.135,,,,True
EXAMPLE_DATA_CDR3_R89P,esm1v,ANTIGEN,CDR3,R89P,-2.076,0.559,,,,True
EXAMPLE_DATA_CDR3_R89Q,esm1v,ANTIGEN,CDR3,R89Q,-2.119,0.266,,,,True
EXAMPLE_DATA_CDR3_R89S,esm1v,ANTIGEN,CDR3,R89S,-1.827,0.006,,,,True
EXAMPLE_DATA_CDR3_R89T,esm1v,ANTIGEN,CDR3,R89T,-0.301,0.85,,,,True
EXAMPLE_DATA_CDR3_R89V,esm1v,ANTIGEN,CDR3,R89V,2.767,0.708,,,,True
EXAMPLE_DATA_CDR3_R89W,esm1v,ANTIGEN,CDR3,R89W,0.439,0.964,,,,True
EXAMPLE_DATA_CDR3_R89Y,esm1v,ANTIGEN,CDR3,R89Y,2.402,0.427,,,,True
EXAMPLE_DATA_CDR3_G90A,esm1v,ANTIGEN,CDR3,G90A,-2.488,0.013,,,,True
EXAMPLE_DATA_CDR3_G90C,esm1v,ANTIGEN,CDR3,G90C,2.799,0.866,,,,True
EXAMPLE_DATA_CDR3_G90D,esm1v,ANTIGEN,CDR3,G90D,0.666,0.059,,,,True
EXAMPLE_DATA_CDR3_G90E,esm1v,ANTIGEN,CDR3,G90E,-0.352,0.957,,,,True
EXAMPLE_DATA_CDR3_G90F,esm1v,ANTIGEN,CDR3,G90F,2.105,0.565,,,,True
EXAMPLE_DATA_CDR3_G90H,esm1v,ANTIGEN,CDR3,G90H,2.004,0.74,,,,True
EXAMPLE_DATA_CDR3_G90I,esm1v,ANTIGEN,CDR3,G90I,0.567,0.516,,,,True
EXAMPLE_DATA_CDR3_G90K,esm1v,ANTIGEN,CDR3,G90K,-0.449,0.377,,,,True
EXAMPLE_DATA_CDR3_G90L,esm1v,ANTIGEN,CDR3,G90L,-2.58,0.637,,,,True
EXAMPLE_DATA_CDR3_G90M,esm1v,ANTIGEN,CDR3,G90M,-1.659,0.05,,,,True
EXAMPLE_DATA_CDR3_G90N,esm1v,ANTIGEN,CDR3,G90N,0.087,0.717,,,,True
EXAMPLE_DATA_CDR3_G90P,esm1v,ANTIGEN,CDR3,G90P,-2.345,0.618,,,,True
EXAMPLE_DATA_CDR3_G90Q,esm1v,ANTIGEN,CDR3,G90Q,-1.805,0.365,,,,True
EXAMPLE_DATA_CDR3_G90R,esm1v,ANTIGEN,CDR3,G90R,2.733,0.215,,,,True
EXAMPLE_DATA_CDR3_G90S,esm1v,ANTIGEN,CDR3,G90S,-2.891,0.549,,,,True
EXAMPLE_DATA_CDR3_G90T,esm1v,ANTIGEN,CDR3,G90T,-2.369,0.07,,,,True
EXAMPLE_DATA_CDR3_G90V,esm1v,ANTIGEN,CDR3,G90V,1.636,0.441,,,,True
EXAMPLE_DATA_CDR3_G90W,esm1v,ANTIGEN,CDR3,G90W,2.428,0.276,,,,True
EXAMPLE_DATA_CDR3_G90Y,esm1v,ANTIGEN,CDR3,G90Y,2.12,0.928,,,,True
EXAMPLE_DATA_CDR3_L91A,esm1v,ANTIGEN,CDR3,L91A,-1.166,0.573,,,,True
EXAMPLE_DATA_CDR3_L91C,esm1v,ANTIGEN,CDR3,L91C,-2.236,0.489,,,,True
EXAMPLE_DATA_CDR3_L91D,esm1v,ANTIGEN,CDR3,L91D,-0.505,0.766,,,,True
EXAMPLE_DATA_CDR3_L91E,esm1v,ANTIGEN,CDR3,L91E,0.226,0.122,,,,True
EXAMPLE_DATA_CDR3_L91F,esm1v,ANTIGEN,CDR3,L91F,-0.425,0.207,,,,True
EXAMPLE_DATA_CDR3_L91G,esm1v,ANTIGEN,CDR3,L91G,1.701,0.386,,,,True
EXAMPLE_DATA_CDR3_L91H,esm1v,ANTIGEN,CDR3,L91H,0.706,0.762,,,,True
EXAMPLE_DATA_CDR3_L91I,esm1v,ANTIGEN,CDR3,L91I,-0.07,0.721,,,,True
EXAMPLE_DATA_CDR3_L91K,esm1v,ANTIGEN,CDR3,L91K,2.571,0.469,,,,True
EXAMPLE_DATA_CDR3_L91M,esm1v,ANTIGEN,CDR3,L91M,0.845,0.256,,,,True
EXAMPLE_DATA_CDR3_L91N,esm1v,ANTIGEN,CDR3,L91N,1.185,0.028,,,,True
EXAMPLE_DATA_CDR3_L91P,esm1v,ANTIGEN,CDR3,L91P,-1.337,0.218,,,,True
EXAMPLE_DATA_CDR3_L91Q,esm1v,ANTIGEN,CDR3,L91Q,2.845,0.663,,,,True
EXAMPLE_DATA_CDR3_L91R,esm1v,ANTIGEN,CDR3,L91R,-0.358,0.648,,,,True
EXAMPLE_DATA_CDR3_L91S,esm1v,ANTIGEN,CDR3,L91S,-2.21,0.664,,,,True
EXAMPLE_DATA_CDR3_L91T,esm1v,ANTIGEN,CDR3,L91T,-1.528,0.602,,,,True
EXAMPLE_DATA_CDR3_L91V,esm1v,ANTIGEN,CDR3,L91V,0.391,0.363,,,,True
EXAMPLE_DATA_CDR3_L91W,esm1v,ANTIGEN,CDR3,L91W,1.084,0.748,,,,True
EXAMPLE_DATA_CDR3_L91Y,esm1v,ANTIGEN,CDR3,L91Y,1.894,0.162,,,,True
EXAMPLE_DATA_CDR3_G92A,esm1v,ANTIGEN,CDR3,G92A,-1.693,0.045,,,,True
EXAMPLE_DATA_CDR3_G92C,esm1v,ANTIGEN,CDR3,G92C,-0.256,0.882,,,,True
EXAMPLE_DATA_CDR3_G92D,esm1v,ANTIGEN,CDR3,G92D,-0.221,0.087,,,,True
EXAMPLE_DATA_CDR3_G92E,esm1v,ANTIGEN,CDR3,G92E,-0.571,0.687,,,,True
EXAMPLE_DATA_CDR3_G92F,esm1v,ANTIGEN,CDR3,G92F,-2.41,0.936,,,,True
EXAMPLE_DATA_CDR3_G92H,esm1v,ANTIGEN,CDR3,G92H,1.706,0.576,,,,True
EXAMPLE_DATA_CDR3_G92I,esm1v,ANTIGEN,CDR3,G92I,-2.586,0.522,,,,True
EXAMPLE_DATA_CDR3_G92K,esm1v,ANTIGEN,CDR3,G92K,2.065,0.877,,,,True
EXAMPLE_DATA_CDR3_G92L,esm1v,ANTIGEN,CDR3,G92L,0.803,0.976,,,,True
EXAMPLE_DATA_CDR3_G92M,esm1v,ANTIGEN,CDR3,G92M,0.713,0.032,,,,True
EXAMPLE_DATA_CDR3_G92N,esm1v,ANTIGEN,CDR3,G92N,-0.705,0.76,,,,True
EXAMPLE_DATA_CDR3_G92P,esm1v,ANTIGEN,CDR3,G92P,-1.228,0.044,,,,True
EXAMPLE_DATA_CDR3_G92Q,esm1v,ANTIGEN,CDR3,G92Q,-0.491,0.45,,,,True
EXAMPLE_DATA_CDR3_G92R,esm1v,ANTIGEN,CDR3,G92R,0.634,0.518,,,,True
EXAMPLE_DATA_CDR3_G92S,esm1v,ANTIGEN,CDR3,G92S,1.687,0.951,,,,True
EXAMPLE_DATA_CDR3_G92T,esm1v,ANTIGEN,CDR3,G92T,1.814,0.688,,,,True
EXAMPLE_DATA_CDR3_G92V,esm1v,ANTIGEN,CDR3,G92V,-0.795,0.014,,,,True
EXAMPLE_DATA_CDR3_G92W,esm1v,ANTIGEN,CDR3,G92W,2.253,0.974,,,,True
EXAMPLE_DATA_CDR3_G92Y,esm1v,ANTIGEN,CDR3,G92Y,-0.113,0.666,,,,True
EXAMPLE_DATA_CDR3_Y93A,esm1v,ANTIGEN,CDR3,Y93A,-1.222,0.773,,,,True
EXAMPLE_DATA_CDR3_Y93C,esm1v,ANTIGEN,CDR3,Y93C,-0.236,0.982,,,,True
EXAMPLE_DATA_CDR3_Y93D,esm1v,ANTIGEN,CDR3,Y93D,0.11,0.973,,,,True
EXAMPLE_DATA_CDR3_Y93E,esm1v,ANTIGEN,CDR3,Y93E,-0.945,0.19,,,,True
EXAMPLE_DATA_CDR3_Y93F,esm1v,ANTIGEN,CDR3,Y93F,2.928,0.787,,,,True
EXAMPLE_DATA_CDR3_Y93G,esm1v,ANTIGEN,CDR3,Y93G,1.571,0.472,,,,True
EXAMPLE_DATA_CDR3_Y93H,esm1v,ANTIGEN,CDR3,Y93H,-1.172,0.282,,,,True
EXAMPLE_DATA_CDR3_Y93I,esm1v,ANTIGEN,CDR3,Y93I,1.973,0.516,,,,True
EXAMPLE_DATA_CDR3_Y93K,esm1v,ANTIGEN,CDR3,Y93K,1.3,0.119,,,,True
EXAMPLE_DATA_CDR3_Y93L,esm1v,ANTIGEN,CDR3,Y93L,-2.607,0.95,,,,True
EXAMPLE_DATA_CDR3_Y93M,esm1v,ANTIGEN,CDR3,Y93M,-0.523,0.09,,,,True
EXAMPLE_DATA_CDR3_Y93N,esm1v,ANTIGEN,CDR3,Y93N,-0.677,0.67,,,,True
EXAMPLE_DATA_CDR3_Y93P,esm1v,ANTIGEN,CDR3,Y93P,2.07,0.286,,,,True
EXAMPLE_DATA_CDR3_Y93Q,esm1v,ANTIGEN,CDR3,Y93Q,-2.588,0.498,,,,True
EXAMPLE_DATA_CDR3_Y93R,esm1v,ANTIGEN,CDR3,Y93R,0.676,0.269,,,,True
EXAMPLE_DATA_CDR3_Y93S,esm1v,ANTIGEN,CDR3,Y93S,-0.475,0.967,,,,True
EXAMPLE_DATA_CDR3_Y93T,esm1v,ANTIGEN,CDR3,Y93T,-0.477,0.262,,,,True
EXAMPLE_DATA_CDR3_Y93V,esm1v,ANTIGEN,CDR3,Y93V,-0.263,0.019,,,,True
EXAMPLE_DATA_CDR3_Y93W,esm1v,ANTIGEN,CDR3,Y93W,-1.419,0.013,,,,True
EXAMPLE_DATA_CDR3_F94A,esm1v,ANTIGEN,CDR3,F94A,1.475,0.262,,,,True
EXAMPLE_DATA_CDR3_F94C,esm1v,ANTIGEN,CDR3,F94C,2.242,0.159,,,,True
EXAMPLE_DATA_CDR3_F94D,esm1v,ANTIGEN,CDR3,F94D,1.691,0.353,,,,True
EXAMPLE_DATA_CDR3_F94E,esm1v,ANTIGEN,CDR3,F94E,2.094,0.751,,,,True
EXAMPLE_DATA_CDR3_F94G,esm1v,ANTIGEN,CDR3,F94G,-1.111,0.228,,,,True
EXAMPLE_DATA_CDR3_F94H,esm1v,ANTIGEN,CDR3,F94H,2.152,0.129,,,,True
EXAMPLE_DATA_CDR3_F94I,esm1v,ANTIGEN,CDR3,F94I,-2.906,0.137,,,,True
EXAMPLE_DATA_CDR3_F94K,esm1v,ANTIGEN,CDR3,F94K,-0.465,0.012,,,,True
EXAMPLE_DATA_CDR3_F94L,esm1v,ANTIGEN,CDR3,F94L,0.339,0.195,,,,True
EXAMPLE_DATA_CDR3_F94M,esm1v,ANTIGEN,CDR3,F94M,0.043,0.304,,,,True
EXAMPLE_DATA_CDR3_F94N,esm1v,ANTIGEN,CDR3,F94N,2.189,0.374,,,,True
EXAMPLE_DATA_CDR3_F94P,esm1v,ANTIGEN,CDR3,F94P,-1.358,0.971,,,,True
EXAMPLE_DATA_CDR3_F94Q,esm1v,ANTIGEN,CDR3,F94Q,0.238,0.999,,,,True
EXAMPLE_DATA_CDR3_F94R,esm1v,ANTIGEN,CDR3,F94R,-2.39,0.917,,,,True
EXAMPLE_DATA_CDR3_F94S,esm1v,ANTIGEN,CDR3,F94S,-0.17,0.115,,,,True
EXAMPLE_DATA_CDR3_F94T,esm1v,ANTIGEN,CDR3,F94T,0.199,0.252,,,,True
EXAMPLE_DATA_CDR3_F94V,esm1v,ANTIGEN,CDR3,F94V,2.934,0.629,,,,True
EXAMPLE_DATA_CDR3_F94W,esm1v,ANTIGEN,CDR3,F94W,2.546,0.652,,,,True
EXAMPLE_DATA_CDR3_F94Y,esm1v,ANTIGEN,CDR3,F94Y,1.641,0.176,,,,True
EXAMPLE_DATA_CDR3_D95A,esm1v,ANTIGEN,CDR3,D95A,2.049,0.203,,,,True
EXAMPLE_DATA_CDR3_D95C,esm1v,ANTIGEN,CDR3,D95C,2.483,0.898,,,,True
EXAMPLE_DATA_CDR3_D95E,esm1v,ANTIGEN,CDR3,D95E,0.636,0.135,,,,True
EXAMPLE_DATA_CDR3_D95F,esm1v,ANTIGEN,CDR3,D95F,-0.007,0.184,,,,True
EXAMPLE_DATA_CDR3_D95G,esm1v,ANTIGEN,CDR3,D95G,-1.398,0.951,,,,True
EXAMPLE_DATA_CDR3_D95H,esm1v,ANTIGEN,CDR3,D95H,-1.485,0.287,,,,True
EXAMPLE_DATA_CDR3_D95I,esm1v,ANTIGEN,CDR3,D95I,-2.735,0.823,,,,True
EXAMPLE_DATA_CDR3_D95K,esm1v,ANTIGEN,CDR3,D95K,-2.402,0.987,,,,True
EXAMPLE_DATA_CDR3_D95L,esm1v,ANTIGEN,CDR3,D95L,1.211,0.425,,,,True
EXAMPLE_DATA_CDR3_D95M,esm1v,ANTIGEN,CDR3,D95M,-1.734,0.055,,,,True
EXAMPLE_DATA_CDR3_D95N,esm1v,ANTIGEN,CDR3,D95N,-1.068,0.729,,,,True
EXAMPLE_DATA_CDR3_D95P,esm1v,ANTIGEN,CDR3,D95P,1.345,0.678,,,,True
EXAMPLE_DATA_CDR3_D95Q,esm1v,ANTIGEN,CDR3,D95Q,1.481,0.744,,,,True
EXAMPLE_DATA_CDR3_D95R,esm1v,ANTIGEN,CDR3,D95R,-0.233,0.306,,,,True
EXAMPLE_DATA_CDR3_D95S,esm1v,ANTIGEN,CDR3,D95S,-1.453,0.404,,,,True
EXAMPLE_DATA_CDR3_D95T,esm1v,ANTIGEN,CDR3,D95T,0.663,0.908,,,,True
EXAMPLE_DATA_CDR3_D95V,esm1v,ANTIGEN,CDR3,D95V,2.327,0.739,,,,True
EXAMPLE_DATA_CDR3_D95W,esm1v,ANTIGEN,CDR3,D95W,-1.118,0.154,,,,True
EXAMPLE_DATA_CDR3_D95Y,esm1v,ANTIGEN,CDR3,D95Y,1.2,0.984,,,,True
EXAMPLE_DATA_CDR3_Y96A,esm1v,ANTIGEN,CDR3,Y96A,2.25,0.235,,,,True
EXAMPLE_DATA_CDR3_Y96C,esm1v,ANTIGEN,CDR3,Y96C,0.601,0.797,,,,True
EXAMPLE_DATA_CDR3_Y96D,esm1v,ANTIGEN,CDR3,Y96D,-2.588,0.188,,,,True
EXAMPLE_DATA_CDR3_Y96E,esm1v,ANTIGEN,CDR3,Y96E,0.97,0.025,,,,True
EXAMPLE_DATA_CDR3_Y96F,esm1v,ANTIGEN,CDR3,Y96F,-0.223,0.413,,,,True
EXAMPLE_DATA_CDR3_Y96G,esm1v,ANTIGEN,CDR3,Y96G,-2.055,0.663,,,,True
EXAMPLE_DATA_CDR3_Y96H,esm1v,ANTIGEN,CDR3,Y96H,0.784,0.757,,,,True
EXAMPLE_DATA_CDR3_Y96I,esm1v,ANTIGEN,CDR3,Y96I,-1.438,0.509,,,,True
EXAMPLE_DATA_CDR3_Y96K,esm1v,ANTIGEN,CDR3,Y96K,1.649,0.579,,,,True
EXAMPLE_DATA_CDR3_Y96L,esm1v,ANTIGEN,CDR3,Y96L,-2.16,0.826,,,,True
EXAMPLE_DATA_CDR3_Y96M,esm1v,ANTIGEN,CDR3,Y96M,0.07,0.527,,,,True
EXAMPLE_DATA_CDR3_Y96N,esm1v,ANTIGEN,CDR3,Y96N,0.406,0.48,,,,True
EXAMPLE_DATA_CDR3_Y96P,esm1v,ANTIGEN,CDR3,Y96P,2.796,0.341,,,,True
EXAMPLE_DATA_CDR3_Y96Q,esm1v,ANTIGEN,CDR3,Y96Q,1.073,0.78,,,,True
EXAMPLE_DATA_CDR3_Y96R,esm1v,ANTIGEN,CDR3,Y96R,-2.407,0.224,,,,True
EXAMPLE_DATA_CDR3_Y96S,esm1v,ANTIGEN,CDR3,Y96S,2.231,0.352,,,,True
EXAMPLE_DATA_CDR3_Y96T,esm1v,ANTIGEN,CDR3,Y96T,-0.616,0.531,,,,True
EXAMPLE_DATA_CDR3_Y96V,esm1v,ANTIGEN,CDR3,Y96V,-1.282,0.545,,,,True
EXAMPLE_DATA_CDR3_Y96W,esm1v,ANTIGEN,CDR3,Y96W,-2.544,0.114,,,,True
EXAMPLE_DATA_MPNN_CDR1_000,proteinmpnn,ANTIGEN,CDR1,G26T+F27C+T28R+F29Y+S30K+D31G+Y32R+A33N,,0.069,,,,True
EXAMPLE_DATA_MPNN_CDR1_001,proteinmpnn,ANTIGEN,CDR1,G26I+F27A+T28V+F29D+S30N+D31K+Y32Q+A33W,,0.705,,,,True
EXAMPLE_DATA_MPNN_CDR1_002,proteinmpnn,ANTIGEN,CDR1,G26K+F27L+T28R+F29Y+S30K+D31C+Y32M+A33E,,0.001,,,,True
EXAMPLE_DATA_MPNN_CDR1_003,proteinmpnn,ANTIGEN,CDR1,G26L+F27R+T28Y+F29A+S30Q+D31W+A33T,,0.808,,,,True
EXAMPLE_DATA_MPNN_CDR1_004,proteinmpnn,ANTIGEN,CDR1,G26P+F27V+T28D+F29I+S30K+D31C+Y32D+A33N,,0.789,,,,True
EXAMPLE_DATA_MPNN_CDR1_005,proteinmpnn,ANTIGEN,CDR1,G26Q+F27H+T28N+S30G+Y32E+A33F,,0.468,,,,True
EXAMPLE_DATA_MPNN_CDR1_006,proteinmpnn,ANTIGEN,CDR1,G26R+F27I+T28K+F29L+S30M+D31S+Y32K+A33V,,0.826,,,,True
EXAMPLE_DATA_MPNN_CDR1_007,proteinmpnn,ANTIGEN,CDR1,G26W+F27I+T28A+F29L+S30M+D31E+Y32K+A33V,,0.367,,,,True
EXAMPLE_DATA_MPNN_CDR2_000,proteinmpnn,ANTIGEN,CDR2,I48E+S49T+G50Q+S51M+G52Y+G53A+S54G+T55H,,0.857,,,,True
EXAMPLE_DATA_MPNN_CDR2_001,proteinmpnn,ANTIGEN,CDR2,I48D+S49N+G50A+S51L+G52M+G53S+S54F+T55V,,0.916,,,,True
EXAMPLE_DATA_MPNN_CDR2_002,proteinmpnn,ANTIGEN,CDR2,I48E+S49F+G50V+S51R+G52Y+G53P+S54C+T55M,,0.016,,,,True
EXAMPLE_DATA_MPNN_CDR2_003,proteinmpnn,ANTIGEN,CDR2,I48R+S49E+G50P+S51C+G52D+G53Y+S54P+T55V,,0.109,,,,True
EXAMPLE_DATA_MPNN_CDR2_004,proteinmpnn,ANTIGEN,CDR2,I48D+S49I+G50A+S51V+G52M+G53S+S54A+T55Q,,0.348,,,,True
EXAMPLE_DATA_MPNN_CDR2_005,proteinmpnn,ANTIGEN,CDR2,I48D+S49E+G50A+S51G+G52R+G53I+S54T+T55C,,0.61,,,,True
EXAMPLE_DATA_MPNN_CDR2_006,proteinmpnn,ANTIGEN,CDR2,I48D+G50T+S51C+G52M+G53Y+S54A+T55V,,0.087,,,,True
EXAMPLE_DATA_MPNN_CDR2_007,proteinmpnn,ANTIGEN,CDR2,I48N+S49K+S51D+G52Y+G53P+S54L+T55M,,0.202,,,,True
EXAMPLE_DATA_MPNN_CDR3_000,proteinmpnn,ANTIGEN,CDR3,A86D+R87N+D88K+R89C+G90R+L91S+G92P+Y93C+F94D+D95I+Y96T,,0.313,,,,True
EXAMPLE_DATA_MPNN_CDR3_001,proteinmpnn,ANTIGEN,CDR3,A86K+R87G+D88M+R89N+G90T+L91G+G92H+F94T+D95V+Y96H,,0.731,,,,True
EXAMPLE_DATA_MPNN_CDR3_002,proteinmpnn,ANTIGEN,CDR3,A86T+R87G+R89I+G90F+L91V+G92W+Y93S+D95G+Y96H,,0.667,,,,True
EXAMPLE_DATA_MPNN_CDR3_003,proteinmpnn,ANTIGEN,CDR3,A86F+R87V+D88M+R89S+G90A+L91C+G92W+Y93E+D95L+Y96R,,0.34,,,,True
EXAMPLE_DATA_MPNN_CDR3_004,proteinmpnn,ANTIGEN,CDR3,A86K+R87C+R89I+G90F+L91C+G92R+D95V+Y96D,,0.477,,,,True
EXAMPLE_DATA_MPNN_CDR3_005,proteinmpnn,ANTIGEN,CDR3,A86H+R87S+D88T+R89V+G90W+L91S+G92T+Y93G+F94H+D95I+Y96T,,0.87,,,,True
EXAMPLE_DATA_MPNN_CDR3_006,proteinmpnn,ANTIGEN,CDR3,A86M+R87I+D88K+R89G+G90R+L91N+G92K+Y93G+F94R+D95N+Y96T,,0.099,,,,True
EXAMPLE_DATA_MPNN_CDR3_007,proteinmpnn,ANTIGEN,CDR3,A86D+R87N+D88P+R89L+G90M+L91E+G92A+Y93L+F94W+D95Y+Y96F,,0.684,,,,True
