assembly_id,seq_index,symmetry,n_subunits,tied,subunit_scrmsd,interface_pae,symmetry_rmsd,plddt,interface_energy,predicted_order
EXAMPLE_DATA_C3_60_000,0,C3,3,True,4.43,19.63,5.24,85,-43,4
EXAMPLE_DATA_C3_60_000,1,C3,3,True,4.08,7.28,3.27,92,-25,3
EXAMPLE_DATA_C3_60_000,2,C3,3,True,4.06,7.26,3.27,84,-19,3
EXAMPLE_DATA_C3_60_000,3,C3,3,True,3.66,14.86,1.33,79,-39,3
EXAMPLE_DATA_C3_60_001,0,C3,3,True,0.9,16.1,4.21,86,-16,3
EXAMPLE_DATA_C3_60_001,1,C3,3,True,2.3,5.5,1.13,95,-31,3
EXAMPLE_DATA_C3_60_001,2,C3,3,True,2.12,17.32,2.35,73,-11,3
EXAMPLE_DATA_C3_60_001,3,C3,3,True,1.01,12.21,5.56,86,-35,3
EXAMPLE_DATA_C3_60_002,0,C3,3,True,3.85,7.05,5.89,88,-47,3
EXAMPLE_DATA_C3_60_002,1,C3,3,True,0.98,8.18,1.03,70,-33,3
EXAMPLE_DATA_C3_60_002,2,C3,3,True,3.25,10.45,6.17,81,-2,3
EXAMPLE_DATA_C3_60_002,3,C3,3,True,3.77,6.97,4.14,86,-8,3
EXAMPLE_DATA_C3_60_003,0,C3,3,True,2.28,13.48,5.44,94,-2,3
EXAMPLE_DATA_C3_60_003,1,C3,3,True,1.35,12.55,4.69,97,-50,3
EXAMPLE_DATA_C3_60_003,2,C3,3,True,2.67,5.87,1.38,93,-51,4
EXAMPLE_DATA_C3_60_003,3,C3,3,True,4.29,19.49,5.99,92,-11,3
EXAMPLE_DATA_C3_60_004,0,C3,3,True,3.69,10.89,6.3,73,-40,4
EXAMPLE_DATA_C3_60_004,1,C3,3,True,3.52,10.72,5.42,91,-20,4
EXAMPLE_DATA_C3_60_004,2,C3,3,True,3.0,18.2,2.98,90,-56,3
EXAMPLE_DATA_C3_60_004,3,C3,3,True,1.27,12.47,1.81,84,-25,3
EXAMPLE_DATA_C4_70_000,0,C4,4,True,2.58,13.78,2.2,95,-35,4
EXAMPLE_DATA_C4_70_000,1,C4,4,True,1.1,4.3,2.0,96,-18,5
EXAMPLE_DATA_C4_70_000,2,C4,4,True,4.53,19.73,1.49,60,-10,4
EXAMPLE_DATA_C4_70_000,3,C4,4,True,2.81,6.01,4.51,64,-53,4
EXAMPLE_DATA_C4_70_001,0,C4,4,True,1.17,4.37,4.62,67,-8,5
EXAMPLE_DATA_C4_70_001,1,C4,4,True,4.57,11.77,3.31,76,-25,4
EXAMPLE_DATA_C4_70_001,2,C4,4,True,0.84,16.04,5.09,62,-23,5
EXAMPLE_DATA_C4_70_001,3,C4,4,True,3.44,14.64,3.83,87,-27,4
EXAMPLE_DATA_C4_70_002,0,C4,4,True,1.16,4.36,2.75,79,-57,4
EXAMPLE_DATA_C4_70_002,1,C4,4,True,3.29,14.49,2.7,95,-29,4
EXAMPLE_DATA_C4_70_002,2,C4,4,True,1.33,12.53,3.44,87,-44,5
EXAMPLE_DATA_C4_70_002,3,C4,4,True,1.47,4.67,1.88,73,-15,4
EXAMPLE_DATA_C4_70_003,0,C4,4,True,2.51,17.71,0.73,93,-7,4
EXAMPLE_DATA_C4_70_003,1,C4,4,True,3.78,18.98,5.11,67,-38,4
EXAMPLE_DATA_C4_70_003,2,C4,4,True,3.68,14.88,2.21,67,-35,4
EXAMPLE_DATA_C4_70_003,3,C4,4,True,2.32,9.52,4.79,80,-24,4
EXAMPLE_DATA_C4_70_004,0,C4,4,True,4.55,7.75,3.77,91,-13,4
EXAMPLE_DATA_C4_70_004,1,C4,4,True,2.15,9.35,5.41,84,-47,4
EXAMPLE_DATA_C4_70_004,2,C4,4,True,2.52,9.72,5.54,92,-12,4
EXAMPLE_DATA_C4_70_004,3,C4,4,True,3.99,15.19,0.71,92,-59,4
EXAMPLE_DATA_D2_65_000,0,D2,4,True,1.72,12.92,2.06,96,-38,4
EXAMPLE_DATA_D2_65_000,1,D2,4,True,3.01,10.21,4.79,84,-21,4
EXAMPLE_DATA_D2_65_000,2,D2,4,True,4.53,7.73,2.9,85,-18,4
EXAMPLE_DATA_D2_65_000,3,D2,4,True,2.69,9.89,4.67,61,-45,4
EXAMPLE_DATA_D2_65_001,0,D2,4,True,4.45,19.65,3.37,69,-48,5
EXAMPLE_DATA_D2_65_001,1,D2,4,True,0.87,16.07,4.46,65,-42,4
EXAMPLE_DATA_D2_65_001,2,D2,4,True,3.68,10.88,3.3,75,-1,5
EXAMPLE_DATA_D2_65_001,3,D2,4,True,2.03,13.23,3.82,89,-28,5
EXAMPLE_DATA_D2_65_002,0,D2,4,True,3.37,10.57,0.67,87,-29,4
EXAMPLE_DATA_D2_65_002,1,D2,4,True,2.04,17.24,2.35,63,-1,4
EXAMPLE_DATA_D2_65_002,2,D2,4,True,1.95,13.15,1.44,69,-20,4
EXAMPLE_DATA_D2_65_002,3,D2,4,True,2.45,17.65,6.1,80,-39,4
EXAMPLE_DATA_D2_65_003,0,D2,4,True,3.17,14.37,0.7,69,-55,4
EXAMPLE_DATA_D2_65_003,1,D2,4,True,1.92,13.12,4.69,67,-36,5
EXAMPLE_DATA_D2_65_003,2,D2,4,True,2.94,18.14,1.86,94,-59,4
EXAMPLE_DATA_D2_65_003,3,D2,4,True,4.34,15.54,5.84,70,-5,4
EXAMPLE_DATA_D2_65_004,0,D2,4,True,3.65,10.85,1.92,72,-35,5
EXAMPLE_DATA_D2_65_004,1,D2,4,True,1.02,16.22,5.09,89,-20,4
EXAMPLE_DATA_D2_65_004,2,D2,4,True,1.03,4.23,6.12,95,-44,4
EXAMPLE_DATA_D2_65_004,3,D2,4,True,1.12,12.32,3.44,89,-35,4
EXAMPLE_DATA_C3_60_000_untied,0,C3,3,False,4.43,19.63,5.24,85,-43,4
EXAMPLE_DATA_C3_60_000_untied,1,C3,3,False,4.08,7.28,3.27,92,-25,3
EXAMPLE_DATA_C3_60_000_untied,2,C3,3,False,4.06,7.26,3.27,84,-19,3
EXAMPLE_DATA_C3_60_000_untied,3,C3,3,False,3.66,14.86,1.33,79,-39,3
EXAMPLE_DATA_C3_60_001_untied,0,C3,3,False,0.9,16.1,4.21,86,-16,3
EXAMPLE_DATA_C3_60_001_untied,1,C3,3,False,2.3,5.5,1.13,95,-31,3
EXAMPLE_DATA_C3_60_001_untied,2,C3,3,False,2.12,17.32,2.35,73,-11,3
EXAMPLE_DATA_C3_60_001_untied,3,C3,3,False,1.01,12.21,5.56,86,-35,3
EXAMPLE_DATA_C3_60_002_untied,0,C3,3,False,3.85,7.05,5.89,88,-47,3
EXAMPLE_DATA_C3_60_002_untied,1,C3,3,False,0.98,8.18,1.03,70,-33,3
EXAMPLE_DATA_C3_60_002_untied,2,C3,3,False,3.25,10.45,6.17,81,-2,3
EXAMPLE_DATA_C3_60_002_untied,3,C3,3,False,3.77,6.97,4.14,86,-8,3
EXAMPLE_DATA_C3_60_003_untied,0,C3,3,False,2.28,13.48,5.44,94,-2,3
EXAMPLE_DATA_C3_60_003_untied,1,C3,3,False,1.35,12.55,4.69,97,-50,3
EXAMPLE_DATA_C3_60_003_untied,2,C3,3,False,2.67,5.87,1.38,93,-51,4
EXAMPLE_DATA_C3_60_003_untied,3,C3,3,False,4.29,19.49,5.99,92,-11,3
EXAMPLE_DATA_C3_60_004_untied,0,C3,3,False,3.69,10.89,6.3,73,-40,4
EXAMPLE_DATA_C3_60_004_untied,1,C3,3,False,3.52,10.72,5.42,91,-20,4
EXAMPLE_DATA_C3_60_004_untied,2,C3,3,False,3.0,18.2,2.98,90,-56,3
EXAMPLE_DATA_C3_60_004_untied,3,C3,3,False,1.27,12.47,1.81,84,-25,3
