design_id,paradigm,pae_on_target,pae_off_target,cross_amyloid_gap
EXAMPLE_DATA_bindcraft_0000,bindcraft,6.0,13.0,7.0
EXAMPLE_DATA_bindcraft_0001,bindcraft,11.0,4.0,-7.0
EXAMPLE_DATA_bindcraft_0002,bindcraft,11.0,16.0,5.0
EXAMPLE_DATA_bindcraft_0003,bindcraft,16.0,12.0,-4.0
EXAMPLE_DATA_bindcraft_0004,bindcraft,7.0,10.0,3.0
EXAMPLE_DATA_bindcraft_0005,bindcraft,5.0,9.0,4.0
EXAMPLE_DATA_bindcraft_0006,bindcraft,11.0,19.0,8.0
EXAMPLE_DATA_bindcraft_0007,bindcraft,16.0,10.0,-6.0
EXAMPLE_DATA_bindcraft_0008,bindcraft,10.0,4.0,-6.0
EXAMPLE_DATA_bindcraft_0009,bindcraft,7.0,18.0,11.0
EXAMPLE_DATA_bindcraft_0010,bindcraft,7.0,17.0,10.0
EXAMPLE_DATA_bindcraft_0011,bindcraft,5.0,14.0,9.0
EXAMPLE_DATA_bindcraft_0012,bindcraft,14.0,11.0,-3.0
EXAMPLE_DATA_bindcraft_0013,bindcraft,7.0,13.0,6.0
EXAMPLE_DATA_bindcraft_0014,bindcraft,8.0,8.0,0.0
EXAMPLE_DATA_bindcraft_0015,bindcraft,8.0,10.0,2.0
EXAMPLE_DATA_bindcraft_0016,bindcraft,19.0,16.0,-3.0
EXAMPLE_DATA_bindcraft_0017,bindcraft,18.0,18.0,0.0
EXAMPLE_DATA_bindcraft_0018,bindcraft,19.0,18.0,-1.0
EXAMPLE_DATA_bindcraft_0019,bindcraft,19.0,18.0,-1.0
EXAMPLE_DATA_bindcraft_0020,bindcraft,8.0,5.0,-3.0
EXAMPLE_DATA_bindcraft_0021,bindcraft,19.0,6.0,-13.0
EXAMPLE_DATA_bindcraft_0022,bindcraft,14.0,10.0,-4.0
EXAMPLE_DATA_bindcraft_0023,bindcraft,16.0,17.0,1.0
EXAMPLE_DATA_bindcraft_0024,bindcraft,11.0,18.0,7.0
EXAMPLE_DATA_bindcraft_0025,bindcraft,15.0,4.0,-11.0
EXAMPLE_DATA_bindcraft_0026,bindcraft,9.0,10.0,1.0
EXAMPLE_DATA_bindcraft_0027,bindcraft,16.0,6.0,-10.0
EXAMPLE_DATA_bindcraft_0028,bindcraft,18.0,18.0,0.0
EXAMPLE_DATA_bindcraft_0029,bindcraft,9.0,12.0,3.0
EXAMPLE_DATA_bindcraft_0030,bindcraft,16.0,10.0,-6.0
EXAMPLE_DATA_bindcraft_0031,bindcraft,5.0,4.0,-1.0
EXAMPLE_DATA_bindcraft_0032,bindcraft,15.0,11.0,-4.0
EXAMPLE_DATA_bindcraft_0033,bindcraft,6.0,17.0,11.0
EXAMPLE_DATA_bindcraft_0034,bindcraft,17.0,12.0,-5.0
EXAMPLE_DATA_bindcraft_0035,bindcraft,8.0,14.0,6.0
EXAMPLE_DATA_bindcraft_0036,bindcraft,9.0,15.0,6.0
EXAMPLE_DATA_bindcraft_0037,bindcraft,19.0,8.0,-11.0
EXAMPLE_DATA_bindcraft_0038,bindcraft,10.0,9.0,-1.0
EXAMPLE_DATA_bindcraft_0039,bindcraft,19.0,9.0,-10.0
EXAMPLE_DATA_bindcraft_0040,bindcraft,19.0,7.0,-12.0
EXAMPLE_DATA_bindcraft_0041,bindcraft,18.0,10.0,-8.0
EXAMPLE_DATA_bindcraft_0042,bindcraft,19.0,15.0,-4.0
EXAMPLE_DATA_bindcraft_0043,bindcraft,9.0,10.0,1.0
EXAMPLE_DATA_bindcraft_0044,bindcraft,15.0,5.0,-10.0
EXAMPLE_DATA_bindcraft_0045,bindcraft,18.0,9.0,-9.0
EXAMPLE_DATA_bindcraft_0046,bindcraft,14.0,12.0,-2.0
EXAMPLE_DATA_bindcraft_0047,bindcraft,18.0,12.0,-6.0
EXAMPLE_DATA_bindcraft_0048,bindcraft,8.0,11.0,3.0
EXAMPLE_DATA_bindcraft_0049,bindcraft,13.0,14.0,1.0
EXAMPLE_DATA_bindcraft_0050,bindcraft,6.0,8.0,2.0
EXAMPLE_DATA_bindcraft_0051,bindcraft,6.0,10.0,4.0
EXAMPLE_DATA_bindcraft_0052,bindcraft,14.0,15.0,1.0
EXAMPLE_DATA_bindcraft_0053,bindcraft,15.0,17.0,2.0
EXAMPLE_DATA_bindcraft_0054,bindcraft,7.0,12.0,5.0
EXAMPLE_DATA_bindcraft_0055,bindcraft,8.0,7.0,-1.0
EXAMPLE_DATA_bindcraft_0056,bindcraft,17.0,13.0,-4.0
EXAMPLE_DATA_bindcraft_0057,bindcraft,6.0,7.0,1.0
EXAMPLE_DATA_bindcraft_0058,bindcraft,5.0,4.0,-1.0
EXAMPLE_DATA_bindcraft_0059,bindcraft,4.0,7.0,3.0
EXAMPLE_DATA_rfdiffusion_0000,rfdiffusion,11.0,8.0,-3.0
EXAMPLE_DATA_rfdiffusion_0001,rfdiffusion,13.0,7.0,-6.0
EXAMPLE_DATA_rfdiffusion_0002,rfdiffusion,16.0,13.0,-3.0
EXAMPLE_DATA_rfdiffusion_0003,rfdiffusion,9.0,12.0,3.0
EXAMPLE_DATA_rfdiffusion_0004,rfdiffusion,8.0,13.0,5.0
EXAMPLE_DATA_rfdiffusion_0005,rfdiffusion,17.0,9.0,-8.0
EXAMPLE_DATA_rfdiffusion_0006,rfdiffusion,9.0,12.0,3.0
EXAMPLE_DATA_rfdiffusion_0007,rfdiffusion,17.0,15.0,-2.0
EXAMPLE_DATA_rfdiffusion_0008,rfdiffusion,9.0,10.0,1.0
EXAMPLE_DATA_rfdiffusion_0009,rfdiffusion,10.0,12.0,2.0
EXAMPLE_DATA_rfdiffusion_0010,rfdiffusion,11.0,9.0,-2.0
EXAMPLE_DATA_rfdiffusion_0011,rfdiffusion,8.0,8.0,0.0
EXAMPLE_DATA_rfdiffusion_0012,rfdiffusion,19.0,8.0,-11.0
EXAMPLE_DATA_rfdiffusion_0013,rfdiffusion,10.0,14.0,4.0
EXAMPLE_DATA_rfdiffusion_0014,rfdiffusion,14.0,4.0,-10.0
EXAMPLE_DATA_rfdiffusion_0015,rfdiffusion,12.0,7.0,-5.0
EXAMPLE_DATA_rfdiffusion_0016,rfdiffusion,11.0,11.0,0.0
EXAMPLE_DATA_rfdiffusion_0017,rfdiffusion,12.0,7.0,-5.0
EXAMPLE_DATA_rfdiffusion_0018,rfdiffusion,18.0,5.0,-13.0
EXAMPLE_DATA_rfdiffusion_0019,rfdiffusion,13.0,10.0,-3.0
EXAMPLE_DATA_rfdiffusion_0020,rfdiffusion,14.0,11.0,-3.0
EXAMPLE_DATA_rfdiffusion_0021,rfdiffusion,18.0,5.0,-13.0
EXAMPLE_DATA_rfdiffusion_0022,rfdiffusion,12.0,12.0,0.0
EXAMPLE_DATA_rfdiffusion_0023,rfdiffusion,7.0,19.0,12.0
EXAMPLE_DATA_rfdiffusion_0024,rfdiffusion,4.0,12.0,8.0
EXAMPLE_DATA_rfdiffusion_0025,rfdiffusion,6.0,8.0,2.0
EXAMPLE_DATA_rfdiffusion_0026,rfdiffusion,17.0,19.0,2.0
EXAMPLE_DATA_rfdiffusion_0027,rfdiffusion,7.0,13.0,6.0
EXAMPLE_DATA_rfdiffusion_0028,rfdiffusion,12.0,10.0,-2.0
EXAMPLE_DATA_rfdiffusion_0029,rfdiffusion,4.0,14.0,10.0
EXAMPLE_DATA_rfdiffusion_0030,rfdiffusion,12.0,16.0,4.0
EXAMPLE_DATA_rfdiffusion_0031,rfdiffusion,8.0,6.0,-2.0
EXAMPLE_DATA_rfdiffusion_0032,rfdiffusion,5.0,11.0,6.0
EXAMPLE_DATA_rfdiffusion_0033,rfdiffusion,7.0,7.0,0.0
EXAMPLE_DATA_rfdiffusion_0034,rfdiffusion,8.0,13.0,5.0
EXAMPLE_DATA_rfdiffusion_0035,rfdiffusion,7.0,10.0,3.0
EXAMPLE_DATA_rfdiffusion_0036,rfdiffusion,16.0,15.0,-1.0
EXAMPLE_DATA_rfdiffusion_0037,rfdiffusion,10.0,9.0,-1.0
EXAMPLE_DATA_rfdiffusion_0038,rfdiffusion,17.0,19.0,2.0
EXAMPLE_DATA_rfdiffusion_0039,rfdiffusion,14.0,12.0,-2.0
EXAMPLE_DATA_rfdiffusion_0040,rfdiffusion,18.0,18.0,0.0
EXAMPLE_DATA_rfdiffusion_0041,rfdiffusion,4.0,4.0,0.0
EXAMPLE_DATA_rfdiffusion_0042,rfdiffusion,18.0,13.0,-5.0
EXAMPLE_DATA_rfdiffusion_0043,rfdiffusion,16.0,16.0,0.0
EXAMPLE_DATA_rfdiffusion_0044,rfdiffusion,19.0,9.0,-10.0
EXAMPLE_DATA_rfdiffusion_0045,rfdiffusion,19.0,19.0,0.0
EXAMPLE_DATA_rfdiffusion_0046,rfdiffusion,11.0,8.0,-3.0
EXAMPLE_DATA_rfdiffusion_0047,rfdiffusion,15.0,16.0,1.0
EXAMPLE_DATA_rfdiffusion_0048,rfdiffusion,12.0,7.0,-5.0
EXAMPLE_DATA_rfdiffusion_0049,rfdiffusion,4.0,10.0,6.0
EXAMPLE_DATA_rfdiffusion_0050,rfdiffusion,6.0,10.0,4.0
EXAMPLE_DATA_rfdiffusion_0051,rfdiffusion,8.0,17.0,9.0
EXAMPLE_DATA_rfdiffusion_0052,rfdiffusion,10.0,6.0,-4.0
EXAMPLE_DATA_rfdiffusion_0053,rfdiffusion,6.0,4.0,-2.0
EXAMPLE_DATA_rfdiffusion_0054,rfdiffusion,7.0,16.0,9.0
EXAMPLE_DATA_rfdiffusion_0055,rfdiffusion,19.0,13.0,-6.0
EXAMPLE_DATA_rfdiffusion_0056,rfdiffusion,11.0,18.0,7.0
EXAMPLE_DATA_rfdiffusion_0057,rfdiffusion,12.0,14.0,2.0
EXAMPLE_DATA_rfdiffusion_0058,rfdiffusion,12.0,16.0,4.0
EXAMPLE_DATA_rfdiffusion_0059,rfdiffusion,8.0,12.0,4.0
EXAMPLE_DATA_rfdiffusion_0060,rfdiffusion,5.0,12.0,7.0
EXAMPLE_DATA_rfdiffusion_0061,rfdiffusion,14.0,16.0,2.0
EXAMPLE_DATA_rfdiffusion_0062,rfdiffusion,4.0,10.0,6.0
EXAMPLE_DATA_rfdiffusion_0063,rfdiffusion,7.0,15.0,8.0
EXAMPLE_DATA_rfdiffusion_0064,rfdiffusion,13.0,14.0,1.0
EXAMPLE_DATA_rfdiffusion_0065,rfdiffusion,13.0,9.0,-4.0
EXAMPLE_DATA_rfdiffusion_0066,rfdiffusion,5.0,17.0,12.0
EXAMPLE_DATA_rfdiffusion_0067,rfdiffusion,8.0,9.0,1.0
EXAMPLE_DATA_rfdiffusion_0068,rfdiffusion,4.0,13.0,9.0
EXAMPLE_DATA_rfdiffusion_0069,rfdiffusion,18.0,13.0,-5.0
EXAMPLE_DATA_rfdiffusion_0070,rfdiffusion,19.0,19.0,0.0
EXAMPLE_DATA_rfdiffusion_0071,rfdiffusion,18.0,10.0,-8.0
EXAMPLE_DATA_rfdiffusion_0072,rfdiffusion,11.0,12.0,1.0
EXAMPLE_DATA_rfdiffusion_0073,rfdiffusion,5.0,10.0,5.0
EXAMPLE_DATA_rfdiffusion_0074,rfdiffusion,8.0,11.0,3.0
EXAMPLE_DATA_rfdiffusion_0075,rfdiffusion,18.0,16.0,-2.0
EXAMPLE_DATA_rfdiffusion_0076,rfdiffusion,10.0,12.0,2.0
EXAMPLE_DATA_rfdiffusion_0077,rfdiffusion,11.0,13.0,2.0
EXAMPLE_DATA_rfdiffusion_0078,rfdiffusion,12.0,10.0,-2.0
EXAMPLE_DATA_rfdiffusion_0079,rfdiffusion,10.0,8.0,-2.0
EXAMPLE_DATA_rfdiffusion_0080,rfdiffusion,8.0,9.0,1.0
EXAMPLE_DATA_rfdiffusion_0081,rfdiffusion,11.0,4.0,-7.0
EXAMPLE_DATA_rfdiffusion_0082,rfdiffusion,7.0,4.0,-3.0
EXAMPLE_DATA_rfdiffusion_0083,rfdiffusion,5.0,9.0,4.0
EXAMPLE_DATA_rfdiffusion_0084,rfdiffusion,9.0,10.0,1.0
EXAMPLE_DATA_rfdiffusion_0085,rfdiffusion,9.0,9.0,0.0
EXAMPLE_DATA_rfdiffusion_0086,rfdiffusion,6.0,5.0,-1.0
EXAMPLE_DATA_rfdiffusion_0087,rfdiffusion,9.0,5.0,-4.0
EXAMPLE_DATA_rfdiffusion_0088,rfdiffusion,9.0,12.0,3.0
EXAMPLE_DATA_rfdiffusion_0089,rfdiffusion,12.0,5.0,-7.0
EXAMPLE_DATA_rfdiffusion_0090,rfdiffusion,4.0,19.0,15.0
EXAMPLE_DATA_rfdiffusion_0091,rfdiffusion,18.0,4.0,-14.0
EXAMPLE_DATA_rfdiffusion_0092,rfdiffusion,4.0,19.0,15.0
EXAMPLE_DATA_rfdiffusion_0093,rfdiffusion,18.0,10.0,-8.0
EXAMPLE_DATA_rfdiffusion_0094,rfdiffusion,10.0,13.0,3.0
EXAMPLE_DATA_rfdiffusion_0095,rfdiffusion,17.0,12.0,-5.0
EXAMPLE_DATA_rfdiffusion_0096,rfdiffusion,4.0,12.0,8.0
EXAMPLE_DATA_rfdiffusion_0097,rfdiffusion,12.0,16.0,4.0
EXAMPLE_DATA_rfdiffusion_0098,rfdiffusion,15.0,10.0,-5.0
EXAMPLE_DATA_rfdiffusion_0099,rfdiffusion,9.0,9.0,0.0
EXAMPLE_DATA_rfdiffusion_0100,rfdiffusion,11.0,15.0,4.0
EXAMPLE_DATA_rfdiffusion_0101,rfdiffusion,16.0,18.0,2.0
EXAMPLE_DATA_rfdiffusion_0102,rfdiffusion,13.0,17.0,4.0
EXAMPLE_DATA_rfdiffusion_0103,rfdiffusion,5.0,5.0,0.0
EXAMPLE_DATA_rfdiffusion_0104,rfdiffusion,14.0,6.0,-8.0
EXAMPLE_DATA_rfdiffusion_0105,rfdiffusion,11.0,5.0,-6.0
EXAMPLE_DATA_rfdiffusion_0106,rfdiffusion,4.0,12.0,8.0
EXAMPLE_DATA_rfdiffusion_0107,rfdiffusion,9.0,7.0,-2.0
EXAMPLE_DATA_rfdiffusion_0108,rfdiffusion,12.0,8.0,-4.0
EXAMPLE_DATA_rfdiffusion_0109,rfdiffusion,17.0,5.0,-12.0
EXAMPLE_DATA_rfdiffusion_0110,rfdiffusion,11.0,18.0,7.0
EXAMPLE_DATA_rfdiffusion_0111,rfdiffusion,12.0,9.0,-3.0
EXAMPLE_DATA_rfdiffusion_0112,rfdiffusion,4.0,7.0,3.0
EXAMPLE_DATA_rfdiffusion_0113,rfdiffusion,7.0,15.0,8.0
EXAMPLE_DATA_rfdiffusion_0114,rfdiffusion,15.0,9.0,-6.0
EXAMPLE_DATA_rfdiffusion_0115,rfdiffusion,9.0,19.0,10.0
EXAMPLE_DATA_rfdiffusion_0116,rfdiffusion,5.0,7.0,2.0
EXAMPLE_DATA_rfdiffusion_0117,rfdiffusion,9.0,16.0,7.0
EXAMPLE_DATA_rfdiffusion_0118,rfdiffusion,10.0,7.0,-3.0
EXAMPLE_DATA_rfdiffusion_0119,rfdiffusion,6.0,17.0,11.0
EXAMPLE_DATA_rfdiffusion_0120,rfdiffusion,13.0,19.0,6.0
EXAMPLE_DATA_rfdiffusion_0121,rfdiffusion,8.0,6.0,-2.0
EXAMPLE_DATA_rfdiffusion_0122,rfdiffusion,6.0,7.0,1.0
EXAMPLE_DATA_rfdiffusion_0123,rfdiffusion,16.0,19.0,3.0
EXAMPLE_DATA_rfdiffusion_0124,rfdiffusion,15.0,18.0,3.0
EXAMPLE_DATA_rfdiffusion_0125,rfdiffusion,12.0,10.0,-2.0
EXAMPLE_DATA_rfdiffusion_0126,rfdiffusion,6.0,14.0,8.0
EXAMPLE_DATA_rfdiffusion_0127,rfdiffusion,5.0,10.0,5.0
EXAMPLE_DATA_rfdiffusion_0128,rfdiffusion,12.0,17.0,5.0
EXAMPLE_DATA_rfdiffusion_0129,rfdiffusion,13.0,8.0,-5.0
EXAMPLE_DATA_rfdiffusion_0130,rfdiffusion,16.0,18.0,2.0
EXAMPLE_DATA_rfdiffusion_0131,rfdiffusion,12.0,5.0,-7.0
EXAMPLE_DATA_rfdiffusion_0132,rfdiffusion,11.0,13.0,2.0
EXAMPLE_DATA_rfdiffusion_0133,rfdiffusion,13.0,16.0,3.0
EXAMPLE_DATA_rfdiffusion_0134,rfdiffusion,9.0,9.0,0.0
EXAMPLE_DATA_rfdiffusion_0135,rfdiffusion,19.0,7.0,-12.0
EXAMPLE_DATA_rfdiffusion_0136,rfdiffusion,4.0,9.0,5.0
EXAMPLE_DATA_rfdiffusion_0137,rfdiffusion,8.0,17.0,9.0
EXAMPLE_DATA_rfdiffusion_0138,rfdiffusion,7.0,16.0,9.0
EXAMPLE_DATA_rfdiffusion_0139,rfdiffusion,14.0,11.0,-3.0
EXAMPLE_DATA_rfdiffusion_0140,rfdiffusion,8.0,14.0,6.0
EXAMPLE_DATA_rfdiffusion_0141,rfdiffusion,18.0,15.0,-3.0
EXAMPLE_DATA_rfdiffusion_0142,rfdiffusion,13.0,12.0,-1.0
EXAMPLE_DATA_rfdiffusion_0143,rfdiffusion,18.0,16.0,-2.0
EXAMPLE_DATA_rfdiffusion_0144,rfdiffusion,10.0,14.0,4.0
EXAMPLE_DATA_rfdiffusion_0145,rfdiffusion,7.0,7.0,0.0
EXAMPLE_DATA_rfdiffusion_0146,rfdiffusion,18.0,10.0,-8.0
EXAMPLE_DATA_rfdiffusion_0147,rfdiffusion,18.0,17.0,-1.0
EXAMPLE_DATA_rfdiffusion_0148,rfdiffusion,7.0,14.0,7.0
EXAMPLE_DATA_rfdiffusion_0149,rfdiffusion,9.0,5.0,-4.0
EXAMPLE_DATA_rfdiffusion_0150,rfdiffusion,4.0,13.0,9.0
EXAMPLE_DATA_rfdiffusion_0151,rfdiffusion,17.0,13.0,-4.0
EXAMPLE_DATA_rfdiffusion_0152,rfdiffusion,15.0,7.0,-8.0
EXAMPLE_DATA_rfdiffusion_0153,rfdiffusion,14.0,5.0,-9.0
EXAMPLE_DATA_rfdiffusion_0154,rfdiffusion,8.0,11.0,3.0
EXAMPLE_DATA_rfdiffusion_0155,rfdiffusion,18.0,13.0,-5.0
EXAMPLE_DATA_rfdiffusion_0156,rfdiffusion,5.0,16.0,11.0
EXAMPLE_DATA_rfdiffusion_0157,rfdiffusion,10.0,15.0,5.0
EXAMPLE_DATA_rfdiffusion_0158,rfdiffusion,13.0,18.0,5.0
EXAMPLE_DATA_rfdiffusion_0159,rfdiffusion,15.0,13.0,-2.0
EXAMPLE_DATA_rfdiffusion_0160,rfdiffusion,14.0,10.0,-4.0
EXAMPLE_DATA_rfdiffusion_0161,rfdiffusion,15.0,12.0,-3.0
EXAMPLE_DATA_rfdiffusion_0162,rfdiffusion,14.0,16.0,2.0
EXAMPLE_DATA_rfdiffusion_0163,rfdiffusion,4.0,11.0,7.0
EXAMPLE_DATA_rfdiffusion_0164,rfdiffusion,4.0,6.0,2.0
EXAMPLE_DATA_rfdiffusion_0165,rfdiffusion,8.0,4.0,-4.0
EXAMPLE_DATA_rfdiffusion_0166,rfdiffusion,7.0,17.0,10.0
EXAMPLE_DATA_rfdiffusion_0167,rfdiffusion,7.0,5.0,-2.0
EXAMPLE_DATA_rfdiffusion_0168,rfdiffusion,8.0,9.0,1.0
EXAMPLE_DATA_rfdiffusion_0169,rfdiffusion,8.0,5.0,-3.0
EXAMPLE_DATA_rfdiffusion_0170,rfdiffusion,15.0,6.0,-9.0
EXAMPLE_DATA_rfdiffusion_0171,rfdiffusion,15.0,7.0,-8.0
EXAMPLE_DATA_rfdiffusion_0172,rfdiffusion,19.0,19.0,0.0
EXAMPLE_DATA_rfdiffusion_0173,rfdiffusion,9.0,17.0,8.0
EXAMPLE_DATA_rfdiffusion_0174,rfdiffusion,19.0,6.0,-13.0
EXAMPLE_DATA_rfdiffusion_0175,rfdiffusion,17.0,15.0,-2.0
EXAMPLE_DATA_rfdiffusion_0176,rfdiffusion,19.0,16.0,-3.0
EXAMPLE_DATA_rfdiffusion_0177,rfdiffusion,18.0,19.0,1.0
EXAMPLE_DATA_rfdiffusion_0178,rfdiffusion,12.0,5.0,-7.0
EXAMPLE_DATA_rfdiffusion_0179,rfdiffusion,8.0,12.0,4.0
EXAMPLE_DATA_rfdiffusion_0180,rfdiffusion,14.0,8.0,-6.0
EXAMPLE_DATA_rfdiffusion_0181,rfdiffusion,19.0,19.0,0.0
EXAMPLE_DATA_rfdiffusion_0182,rfdiffusion,12.0,6.0,-6.0
EXAMPLE_DATA_rfdiffusion_0183,rfdiffusion,6.0,10.0,4.0
EXAMPLE_DATA_rfdiffusion_0184,rfdiffusion,6.0,14.0,8.0
EXAMPLE_DATA_rfdiffusion_0185,rfdiffusion,10.0,16.0,6.0
EXAMPLE_DATA_rfdiffusion_0186,rfdiffusion,13.0,10.0,-3.0
EXAMPLE_DATA_rfdiffusion_0187,rfdiffusion,13.0,9.0,-4.0
EXAMPLE_DATA_rfdiffusion_0188,rfdiffusion,7.0,18.0,11.0
EXAMPLE_DATA_rfdiffusion_0189,rfdiffusion,6.0,14.0,8.0
EXAMPLE_DATA_rfdiffusion_0190,rfdiffusion,13.0,17.0,4.0
EXAMPLE_DATA_rfdiffusion_0191,rfdiffusion,14.0,9.0,-5.0
EXAMPLE_DATA_rfdiffusion_0192,rfdiffusion,16.0,6.0,-10.0
EXAMPLE_DATA_rfdiffusion_0193,rfdiffusion,7.0,8.0,1.0
EXAMPLE_DATA_rfdiffusion_0194,rfdiffusion,17.0,12.0,-5.0
EXAMPLE_DATA_rfdiffusion_0195,rfdiffusion,7.0,10.0,3.0
EXAMPLE_DATA_rfdiffusion_0196,rfdiffusion,10.0,5.0,-5.0
EXAMPLE_DATA_rfdiffusion_0197,rfdiffusion,12.0,13.0,1.0
EXAMPLE_DATA_rfdiffusion_0198,rfdiffusion,18.0,16.0,-2.0
EXAMPLE_DATA_rfdiffusion_0199,rfdiffusion,4.0,5.0,1.0
