design_id,Wuhan,Delta,Omicron_BA1,Omicron_XBB,SARS1,worst_case_pae
EXAMPLE_DATA_rfdiffusion_0088,12.0,14.0,5.0,10.0,11.0,14.0
EXAMPLE_DATA_rfdiffusion_0142,14.0,14.0,9.0,9.0,13.0,14.0
EXAMPLE_DATA_rfdiffusion_0070,6.0,15.0,14.0,12.0,8.0,15.0
EXAMPLE_DATA_rfdiffusion_0018,12.0,7.0,15.0,13.0,14.0,15.0
EXAMPLE_DATA_rfdiffusion_0151,10.0,10.0,16.0,5.0,10.0,16.0
EXAMPLE_DATA_rfdiffusion_0069,4.0,8.0,8.0,6.0,17.0,17.0
EXAMPLE_DATA_rfdiffusion_0015,13.0,7.0,18.0,7.0,16.0,18.0
EXAMPLE_DATA_rfdiffusion_0075,15.0,14.0,11.0,11.0,18.0,18.0
EXAMPLE_DATA_rfdiffusion_0092,4.0,12.0,18.0,17.0,19.0,19.0
EXAMPLE_DATA_rfdiffusion_0066,8.0,5.0,6.0,19.0,11.0,19.0
