temperature,noise,n_seqs,mean_recovery,recap_rate,mean_entropy,mean_net_charge,mean_hp_frac,mean_camsol_like
0.1,0.0,8,0.7021482869330326,0.275,0.931958727633519,4.5344500000000005,0.0425,0.898125
0.1,0.0,16,0.6994470443872463,0.325,1.1572748724616733,4.71175,0.0442875,0.8941375
0.1,0.0,48,0.6998165810377404,0.37916666666666665,1.436520514481284,4.964716666666667,0.04650000000000001,0.8861583333333333
0.1,0.1,8,0.661157356794716,0.5,1.1072149757266208,3.7919250000000004,0.052275,0.920075
0.1,0.1,16,0.6576677575764925,0.425,1.362432126708415,4.0217375,0.052275,0.9192374999999998
0.1,0.1,48,0.6588755054110945,0.3875,1.6926269485098644,4.463895833333334,0.050508333333333336,0.920275
0.1,0.2,8,0.6102194628620745,0.25,1.3009674964299371,4.45235,0.041174999999999996,0.932775
0.1,0.2,16,0.616868058776746,0.3,1.5677481744424695,3.8992750000000003,0.046700000000000005,0.9533249999999999
0.1,0.2,48,0.6176504918273555,0.31666666666666665,1.9362197214003452,4.075245833333334,0.05189583333333334,0.9273291666666666
0.2,0.0,8,0.5828397782406187,0.35,1.4284849129792951,3.6972,0.0514,0.93285
0.2,0.0,16,0.583902372160426,0.4125,1.7455060674823137,3.2483625000000003,0.055125,0.9359500000000001
0.2,0.0,48,0.5844704940640829,0.37916666666666665,2.1240183757055853,3.669737499999999,0.05458750000000001,0.9304916666666666
0.2,0.1,8,0.5294826631741383,0.5,1.6037294452672417,3.9865000000000004,0.047925,0.928275
0.2,0.1,16,0.5337057325062833,0.425,1.966432283264162,3.408825,0.048725000000000004,0.9439375
0.2,0.1,48,0.5381182027829063,0.37083333333333335,2.3732978247013508,3.7152625,0.05476666666666667,0.9302416666666669
0.2,0.2,8,0.4934994674298488,0.4,1.7388132529287177,4.491075,0.0618,0.9236000000000001
0.2,0.2,16,0.4943200107423543,0.3875,2.136026080600937,3.682825,0.05370000000000001,0.9480375000000002
0.2,0.2,48,0.49387304122146863,0.3625,2.594018271351378,3.662479166666666,0.05870833333333334,0.9414916666666666
0.3,0.0,8,0.458274173076204,0.35,1.8681373099129366,3.2722750000000005,0.0638,0.947875
0.3,0.0,16,0.46169657118805585,0.2875,2.279141009078978,3.4289625,0.057075,0.9417125000000001
0.3,0.0,48,0.4594715416036324,0.2833333333333333,2.7750995813393824,3.1098416666666666,0.05842916666666667,0.9489124999999999
0.3,0.1,8,0.4274305981257978,0.4,1.9756023998731405,2.31675,0.06385,0.952375
0.3,0.1,16,0.426460720172282,0.3125,2.433478950879015,2.048175,0.05751250000000001,0.9555374999999999
0.3,0.1,48,0.4201201648036817,0.3,2.960059063605573,2.4957333333333334,0.056283333333333345,0.9596916666666666
0.3,0.2,8,0.3788834277710575,0.225,2.0914810517253093,1.834825,0.064775,0.9763999999999999
0.3,0.2,16,0.37691949651404033,0.3,2.590585151627362,2.0400125,0.0645375,0.9536874999999998
0.3,0.2,48,0.37369152751966145,0.3375,3.1551101543281375,2.502025,0.06231666666666667,0.9537958333333333
0.5,0.0,8,0.2282844768433041,0.35,2.4710149957330327,0.8232250000000001,0.06284999999999999,0.989425
0.5,0.0,16,0.2282414629611102,0.3375,3.05833227578846,0.39028750000000006,0.06928749999999999,0.9797374999999999
0.5,0.0,48,0.22164726154179898,0.3541666666666667,3.6916100165407677,1.352675,0.06755000000000001,0.9723916666666667
0.5,0.1,8,0.18387571560956037,0.4,2.559092822221004,0.560575,0.071,0.967525
0.5,0.1,16,0.18394979869454625,0.4375,3.170686379755724,0.3654499999999998,0.06647499999999999,0.9690999999999999
0.5,0.1,48,0.177176140250884,0.425,3.8106815246700854,0.7417291666666667,0.07207083333333333,0.9719208333333335
0.5,0.2,8,0.18387571560956037,0.4,2.559092822221004,0.560575,0.071,0.967525
0.5,0.2,16,0.18394979869454625,0.4375,3.170686379755724,0.3654499999999998,0.06647499999999999,0.9690999999999999
0.5,0.2,48,0.177176140250884,0.425,3.8106815246700854,0.7417291666666667,0.07207083333333333,0.9719208333333335
