design_id,design_type,truth,scrmsd,plddt,plddt_catalytic,pae_interaction,catalytic_geom_rmsd,scrmsd_orthogonal,solubility,rosetta_dG,shape_complementarity,md_rmsd,note
EXAMPLE_DATA_GOOD_monomer,monomer,good,1.2,92.0,,6.0,,1.4,0.6,,,1.5,planted known-good: passes all layers for its type
EXAMPLE_DATA_GOOD_binder,binder,good,1.6,88.0,,6.0,,1.8,0.4,-42.0,0.72,2.0,planted known-good: passes all layers for its type
EXAMPLE_DATA_GOOD_enzyme,enzyme,good,1.2,92.0,95.0,6.0,0.3,1.5,0.5,,,1.6,planted known-good: passes all layers for its type
EXAMPLE_DATA_GOOD_antibody,antibody,good,2.2,80.0,,8.0,,2.1,0.3,,,2.2,planted known-good: passes all layers for its type
EXAMPLE_DATA_GOOD_oligomer,oligomer,good,1.7,88.0,,6.0,,1.9,0.5,-38.0,0.68,2.0,planted known-good: passes all layers for its type
EXAMPLE_DATA_BAD_L1_scrmsd,monomer,bad,3.4,90.0,,6.0,,1.5,0.5,,,1.5,planted known-bad: fails L1 (scRMSD 3.4 > 2.0) — confident about the WRONG fold
EXAMPLE_DATA_BAD_L1_plddt,monomer,bad,1.5,72.0,,6.0,,1.6,0.5,,,1.6,planted known-bad: fails L1 (pLDDT 72 < 85)
EXAMPLE_DATA_BAD_L2_orthogonal,monomer,bad,1.3,91.0,,6.0,,3.6,0.5,,,1.5,"planted known-bad: passes L1, fails L2 (orthogonal scRMSD 3.6 > 2.5) — predictor-specific overconfidence"
EXAMPLE_DATA_BAD_L3_solubility,monomer,bad,1.3,90.0,,6.0,,1.5,-2.4,,,1.6,"planted known-bad: passes L1-L2, fails L3 (solubility -2.4 < -1.0) — aggregation-prone"
EXAMPLE_DATA_BAD_L3_interface,binder,bad,1.6,88.0,,6.0,,1.8,0.4,-12.0,0.45,2.0,"planted known-bad: passes L1-L2, fails L3 (rosetta_dG -12 > -30, sc 0.45 < 0.6) — weak interface"
EXAMPLE_DATA_BAD_L4_dynamics,monomer,bad,1.3,90.0,,6.0,,1.5,0.5,,,4.5,"planted known-bad: passes L1-L3, fails L4 (md_rmsd 4.5 > 3.0) — folds-but-melts"
EXAMPLE_DATA_BAD_L1_enzyme_geom,enzyme,bad,1.2,92.0,95.0,6.0,1.1,1.5,0.5,,,1.6,planted known-bad: fails L1 (catalytic_geom_rmsd 1.1 > 0.5) — active-site geometry off
EXAMPLE_DATA_0000,antibody,good,2.02,80.919,,10.818,,2.147,0.433,,,2.478,EXAMPLE_DATA synthetic background sample
EXAMPLE_DATA_0001,enzyme,bad,2.938,79.659,87.149,5.911,0.328,2.922,0.94,,,3.692,EXAMPLE_DATA synthetic background sample
EXAMPLE_DATA_0002,enzyme,good,0.99,92.85,92.496,5.919,0.496,1.502,0.504,,,2.01,EXAMPLE_DATA synthetic background sample
EXAMPLE_DATA_0003,enzyme,bad,2.95,74.281,83.556,14.031,0.366,3.241,-1.615,,,1.39,EXAMPLE_DATA synthetic background sample
EXAMPLE_DATA_0004,enzyme,good,0.684,91.401,94.251,7.103,0.125,1.317,0.143,,,1.979,EXAMPLE_DATA synthetic background sample
EXAMPLE_DATA_0005,oligomer,bad,1.893,90.918,,5.268,,3.266,-1.269,-45.372,0.484,4.325,EXAMPLE_DATA synthetic background sample
EXAMPLE_DATA_0006,antibody,good,2.403,83.738,,8.721,,2.274,0.611,,,1.832,EXAMPLE_DATA synthetic background sample
EXAMPLE_DATA_0007,enzyme,good,0.812,93.396,95.692,7.922,0.355,0.991,0.235,,,1.356,EXAMPLE_DATA synthetic background sample
EXAMPLE_DATA_0008,binder,good,1.697,90.302,,5.897,,1.912,0.782,-42.745,0.715,2.706,EXAMPLE_DATA synthetic background sample
EXAMPLE_DATA_0009,antibody,good,2.054,79.018,,8.187,,2.447,0.566,,,1.803,EXAMPLE_DATA synthetic background sample
EXAMPLE_DATA_0010,monomer,bad,0.997,76.118,,12.624,,3.184,1.141,,,3.249,EXAMPLE_DATA synthetic background sample
EXAMPLE_DATA_0011,monomer,good,0.819,90.662,,7.411,,1.264,0.829,,,1.554,EXAMPLE_DATA synthetic background sample
EXAMPLE_DATA_0012,binder,bad,1.704,69.628,,13.142,,2.936,-1.345,-17.395,0.515,1.952,EXAMPLE_DATA synthetic background sample
EXAMPLE_DATA_0013,antibody,bad,3.855,60.134,,6.638,,2.051,0.334,,,2.921,EXAMPLE_DATA synthetic background sample
EXAMPLE_DATA_0014,binder,good,2.11,90.677,,6.955,,1.84,0.405,-40.141,0.723,1.952,EXAMPLE_DATA synthetic background sample
EXAMPLE_DATA_0015,oligomer,bad,1.199,65.898,,12.788,,1.775,-1.887,-33.81,0.605,3.887,EXAMPLE_DATA synthetic background sample
EXAMPLE_DATA_0016,monomer,good,1.098,91.195,,7.227,,1.53,0.904,,,2.215,EXAMPLE_DATA synthetic background sample
EXAMPLE_DATA_0017,binder,good,1.902,86.079,,4.016,,1.844,0.972,-44.013,0.739,2.257,EXAMPLE_DATA synthetic background sample
EXAMPLE_DATA_0018,binder,good,1.569,89.691,,5.519,,2.146,0.434,-41.369,0.667,2.373,EXAMPLE_DATA synthetic background sample
EXAMPLE_DATA_0019,monomer,good,1.388,91.492,,6.146,,1.432,0.458,,,1.174,EXAMPLE_DATA synthetic background sample
EXAMPLE_DATA_0020,oligomer,good,1.939,86.843,,4.617,,2.06,0.4,-36.988,0.653,1.756,EXAMPLE_DATA synthetic background sample
EXAMPLE_DATA_0021,enzyme,bad,1.307,74.636,94.811,11.119,1.006,2.657,0.786,,,3.549,EXAMPLE_DATA synthetic background sample
EXAMPLE_DATA_0022,oligomer,bad,3.249,68.77,,4.824,,3.506,0.075,-32.444,0.407,1.802,EXAMPLE_DATA synthetic background sample
EXAMPLE_DATA_0023,binder,good,1.557,87.723,,8.528,,1.983,0.57,-40.448,0.731,1.546,EXAMPLE_DATA synthetic background sample
EXAMPLE_DATA_0024,antibody,bad,4.209,59.845,,13.742,,3.851,0.77,,,4.196,EXAMPLE_DATA synthetic background sample
EXAMPLE_DATA_0025,enzyme,good,1.539,84.873,97.575,5.268,0.38,1.35,0.295,,,2.261,EXAMPLE_DATA synthetic background sample
EXAMPLE_DATA_0026,oligomer,good,1.516,87.972,,5.834,,1.44,0.582,-35.685,0.677,1.873,EXAMPLE_DATA synthetic background sample
EXAMPLE_DATA_0027,oligomer,good,1.435,85.314,,6.113,,1.758,0.224,-40.231,0.646,1.775,EXAMPLE_DATA synthetic background sample
EXAMPLE_DATA_0028,antibody,good,2.386,77.71,,6.575,,1.856,0.166,,,1.904,EXAMPLE_DATA synthetic background sample
EXAMPLE_DATA_0029,binder,good,1.73,93.448,,5.648,,2.09,0.12,-37.755,0.691,1.089,EXAMPLE_DATA synthetic background sample
EXAMPLE_DATA_0030,antibody,bad,3.928,78.438,,8.159,,3.59,0.2,,,3.78,EXAMPLE_DATA synthetic background sample
EXAMPLE_DATA_0031,binder,bad,1.347,87.136,,4.141,,1.733,-1.325,-35.431,0.652,2.208,EXAMPLE_DATA synthetic background sample
EXAMPLE_DATA_0032,oligomer,bad,1.361,82.652,,8.659,,3.055,0.143,-37.233,0.375,4.111,EXAMPLE_DATA synthetic background sample
EXAMPLE_DATA_0033,binder,bad,1.534,73.162,,6.387,,3.367,-1.732,-41.919,0.67,2.301,EXAMPLE_DATA synthetic background sample
EXAMPLE_DATA_0034,enzyme,bad,3.046,92.433,94.692,13.799,0.379,1.242,-1.298,,,3.509,EXAMPLE_DATA synthetic background sample
EXAMPLE_DATA_0035,monomer,good,0.942,94.002,,5.685,,1.202,0.318,,,1.72,EXAMPLE_DATA synthetic background sample
EXAMPLE_DATA_0036,oligomer,good,1.628,85.287,,5.297,,1.887,0.658,-33.335,0.712,2.302,EXAMPLE_DATA synthetic background sample
EXAMPLE_DATA_0037,antibody,good,2.138,73.773,,6.619,,2.085,0.223,,,2.297,EXAMPLE_DATA synthetic background sample
EXAMPLE_DATA_0038,enzyme,good,1.427,93.997,97.404,6.26,0.402,1.441,0.684,,,1.867,EXAMPLE_DATA synthetic background sample
EXAMPLE_DATA_0039,oligomer,good,1.474,87.374,,7.834,,2.04,0.24,-35.58,0.733,2.145,EXAMPLE_DATA synthetic background sample
EXAMPLE_DATA_0040,binder,good,2.115,84.375,,5.341,,2.338,0.159,-42.944,0.76,1.917,EXAMPLE_DATA synthetic background sample
EXAMPLE_DATA_0041,monomer,bad,0.969,77.594,,4.848,,3.395,0.553,,,4.011,EXAMPLE_DATA synthetic background sample
EXAMPLE_DATA_0042,antibody,good,2.406,81.541,,8.116,,1.932,0.705,,,2.12,EXAMPLE_DATA synthetic background sample
EXAMPLE_DATA_0043,oligomer,good,1.612,91.198,,7.276,,1.78,0.424,-35.73,0.606,2.447,EXAMPLE_DATA synthetic background sample
EXAMPLE_DATA_0044,oligomer,good,1.744,89.198,,7.763,,1.412,0.341,-38.652,0.736,2.091,EXAMPLE_DATA synthetic background sample
EXAMPLE_DATA_0045,antibody,bad,3.987,63.569,,10.991,,3.789,0.07,,,3.012,EXAMPLE_DATA synthetic background sample
EXAMPLE_DATA_0046,enzyme,bad,2.776,79.084,98.547,12.41,0.262,1.213,0.452,,,3.371,EXAMPLE_DATA synthetic background sample
EXAMPLE_DATA_0047,oligomer,good,1.519,84.198,,8.833,,1.565,0.322,-37.855,0.768,1.78,EXAMPLE_DATA synthetic background sample
EXAMPLE_DATA_0048,monomer,good,1.395,92.426,,8.008,,0.885,1.245,,,1.467,EXAMPLE_DATA synthetic background sample
EXAMPLE_DATA_0049,binder,good,1.287,84.166,,6.539,,1.947,-0.267,-39.593,0.681,1.939,EXAMPLE_DATA synthetic background sample
EXAMPLE_DATA_0050,binder,good,1.637,84.904,,6.02,,1.624,0.317,-37.022,0.695,2.185,EXAMPLE_DATA synthetic background sample
EXAMPLE_DATA_0051,oligomer,good,1.774,87.547,,5.167,,2.112,0.089,-42.541,0.669,1.99,EXAMPLE_DATA synthetic background sample
EXAMPLE_DATA_0052,oligomer,good,2.143,87.917,,7.263,,1.995,0.749,-38.723,0.687,2.009,EXAMPLE_DATA synthetic background sample
EXAMPLE_DATA_0053,antibody,bad,3.913,79.671,,16.826,,1.858,0.702,,,2.57,EXAMPLE_DATA synthetic background sample
EXAMPLE_DATA_0054,monomer,bad,2.899,72.288,,13.729,,1.28,-1.344,,,3.949,EXAMPLE_DATA synthetic background sample
EXAMPLE_DATA_0055,binder,good,1.742,86.42,,6.289,,1.555,0.289,-38.757,0.7,2.479,EXAMPLE_DATA synthetic background sample
EXAMPLE_DATA_0056,oligomer,bad,3.252,89.756,,12.57,,3.497,0.275,-14.513,0.422,4.214,EXAMPLE_DATA synthetic background sample
EXAMPLE_DATA_0057,binder,good,1.565,85.833,,5.868,,1.749,0.457,-43.565,0.702,2.324,EXAMPLE_DATA synthetic background sample
EXAMPLE_DATA_0058,enzyme,bad,1.785,71.132,84.772,12.177,0.267,1.229,-1.529,,,4.021,EXAMPLE_DATA synthetic background sample
EXAMPLE_DATA_0059,binder,good,1.385,86.699,,6.703,,1.889,0.685,-41.818,0.707,1.966,EXAMPLE_DATA synthetic background sample
EXAMPLE_DATA_0060,oligomer,good,1.15,91.663,,4.17,,2.133,0.05,-37.283,0.652,2.417,EXAMPLE_DATA synthetic background sample
EXAMPLE_DATA_0061,antibody,bad,3.828,59.728,,7.047,,3.925,0.298,,,1.816,EXAMPLE_DATA synthetic background sample
EXAMPLE_DATA_0062,oligomer,bad,1.672,90.611,,5.405,,3.242,0.449,-14.824,0.389,2.223,EXAMPLE_DATA synthetic background sample
EXAMPLE_DATA_0063,oligomer,good,1.867,86.616,,7.353,,1.732,0.384,-30.741,0.659,1.598,EXAMPLE_DATA synthetic background sample
EXAMPLE_DATA_0064,monomer,bad,2.703,95.015,,12.586,,1.498,-1.377,,,3.266,EXAMPLE_DATA synthetic background sample
EXAMPLE_DATA_0065,oligomer,bad,3.325,71.274,,10.519,,3.79,0.276,-10.543,0.447,4.507,EXAMPLE_DATA synthetic background sample
EXAMPLE_DATA_0066,antibody,bad,2.024,78.602,,13.521,,1.881,0.656,,,2.126,EXAMPLE_DATA synthetic background sample
EXAMPLE_DATA_0067,enzyme,good,1.122,88.134,96.022,5.67,0.331,1.529,0.444,,,1.195,EXAMPLE_DATA synthetic background sample
EXAMPLE_DATA_0068,binder,good,1.621,88.945,,4.863,,1.918,0.067,-41.434,0.719,1.782,EXAMPLE_DATA synthetic background sample
EXAMPLE_DATA_0069,antibody,bad,2.672,82.978,,6.486,,2.113,-0.96,,,4.681,EXAMPLE_DATA synthetic background sample
EXAMPLE_DATA_0070,antibody,good,2.514,82.55,,6.725,,2.209,0.199,,,2.245,EXAMPLE_DATA synthetic background sample
EXAMPLE_DATA_0071,monomer,good,1.166,95.842,,7.097,,1.643,0.82,,,1.013,EXAMPLE_DATA synthetic background sample
EXAMPLE_DATA_0072,antibody,good,2.104,82.213,,5.587,,2.397,0.195,,,2.412,EXAMPLE_DATA synthetic background sample
EXAMPLE_DATA_0073,enzyme,good,1.144,90.793,94.62,8.372,0.206,1.46,0.211,,,1.828,EXAMPLE_DATA synthetic background sample
EXAMPLE_DATA_0074,binder,bad,3.165,72.789,,8.473,,1.697,0.216,-45.019,0.476,3.644,EXAMPLE_DATA synthetic background sample
EXAMPLE_DATA_0075,monomer,bad,3.102,71.824,,5.024,,1.363,0.292,,,1.764,EXAMPLE_DATA synthetic background sample
EXAMPLE_DATA_0076,antibody,good,2.172,81.696,,10.289,,2.513,0.045,,,1.769,EXAMPLE_DATA synthetic background sample
EXAMPLE_DATA_0077,enzyme,bad,2.323,72.949,96.944,2.986,0.839,1.174,0.354,,,1.78,EXAMPLE_DATA synthetic background sample
EXAMPLE_DATA_0078,monomer,good,1.495,95.871,,5.316,,1.668,0.788,,,1.453,EXAMPLE_DATA synthetic background sample
EXAMPLE_DATA_0079,enzyme,bad,1.539,92.227,90.978,14.829,0.163,2.627,-1.764,,,1.456,EXAMPLE_DATA synthetic background sample
EXAMPLE_DATA_0080,enzyme,bad,2.794,97.229,94.555,3.449,1.083,3.333,0.444,,,3.953,EXAMPLE_DATA synthetic background sample
EXAMPLE_DATA_0081,oligomer,bad,1.703,84.16,,15.44,,1.422,0.231,-42.759,0.41,3.409,EXAMPLE_DATA synthetic background sample
EXAMPLE_DATA_0082,antibody,bad,1.908,57.667,,18.991,,2.083,-1.789,,,2.769,EXAMPLE_DATA synthetic background sample
EXAMPLE_DATA_0083,oligomer,bad,3.685,71.38,,13.115,,1.884,-1.75,-15.135,0.428,1.842,EXAMPLE_DATA synthetic background sample
EXAMPLE_DATA_0084,binder,bad,3.357,91.673,,12.863,,3.318,-1.541,-35.247,0.469,1.958,EXAMPLE_DATA synthetic background sample
EXAMPLE_DATA_0085,enzyme,good,1.175,93.899,99.0,6.803,0.408,1.78,0.335,,,1.999,EXAMPLE_DATA synthetic background sample
EXAMPLE_DATA_0086,monomer,good,1.226,88.892,,7.629,,1.53,0.463,,,1.299,EXAMPLE_DATA synthetic background sample
EXAMPLE_DATA_0087,antibody,bad,3.819,81.337,,14.615,,2.346,-1.511,,,4.04,EXAMPLE_DATA synthetic background sample
EXAMPLE_DATA_0088,oligomer,bad,1.393,87.097,,13.765,,3.797,0.417,-9.637,0.635,2.037,EXAMPLE_DATA synthetic background sample
EXAMPLE_DATA_0089,monomer,good,1.374,94.002,,4.592,,1.592,0.631,,,1.542,EXAMPLE_DATA synthetic background sample
EXAMPLE_DATA_0090,binder,good,1.568,90.125,,5.733,,1.811,0.476,-42.266,0.675,1.206,EXAMPLE_DATA synthetic background sample
EXAMPLE_DATA_0091,antibody,bad,3.802,64.918,,13.823,,1.78,-0.951,,,2.904,EXAMPLE_DATA synthetic background sample
EXAMPLE_DATA_0092,monomer,good,1.083,92.583,,5.717,,1.584,0.286,,,1.255,EXAMPLE_DATA synthetic background sample
EXAMPLE_DATA_0093,binder,bad,1.484,66.402,,7.123,,2.07,-1.57,-19.056,0.514,3.854,EXAMPLE_DATA synthetic background sample
EXAMPLE_DATA_0094,binder,good,1.326,90.437,,7.95,,1.337,0.105,-45.323,0.756,2.308,EXAMPLE_DATA synthetic background sample
EXAMPLE_DATA_0095,monomer,good,1.163,85.943,,7.153,,1.496,0.604,,,1.241,EXAMPLE_DATA synthetic background sample
EXAMPLE_DATA_0096,enzyme,bad,1.2,70.398,93.244,6.76,0.915,1.007,0.812,,,1.48,EXAMPLE_DATA synthetic background sample
EXAMPLE_DATA_0097,binder,bad,3.109,91.158,,9.991,,2.979,-1.864,-19.568,0.483,2.164,EXAMPLE_DATA synthetic background sample
EXAMPLE_DATA_0098,monomer,good,1.184,91.861,,5.982,,1.73,0.442,,,1.372,EXAMPLE_DATA synthetic background sample
EXAMPLE_DATA_0099,oligomer,good,1.39,83.475,,6.162,,2.216,0.694,-33.592,0.723,1.615,EXAMPLE_DATA synthetic background sample
EXAMPLE_DATA_0100,enzyme,good,0.96,94.481,96.896,3.868,0.257,1.398,-0.197,,,1.006,EXAMPLE_DATA synthetic background sample
EXAMPLE_DATA_0101,binder,good,1.622,87.765,,6.645,,1.493,0.657,-39.113,0.745,2.172,EXAMPLE_DATA synthetic background sample
EXAMPLE_DATA_0102,antibody,good,2.021,77.978,,11.496,,2.144,-0.009,,,3.065,EXAMPLE_DATA synthetic background sample
EXAMPLE_DATA_0103,oligomer,bad,3.376,89.397,,13.882,,3.583,0.317,-12.049,0.678,4.154,EXAMPLE_DATA synthetic background sample
EXAMPLE_DATA_0104,antibody,bad,1.811,78.054,,10.928,,3.961,-1.607,,,1.599,EXAMPLE_DATA synthetic background sample
EXAMPLE_DATA_0105,binder,bad,3.161,87.787,,13.745,,2.88,-1.657,-16.97,0.742,2.177,EXAMPLE_DATA synthetic background sample
EXAMPLE_DATA_0106,oligomer,bad,1.806,89.577,,12.947,,1.663,-1.169,-14.02,0.457,3.914,EXAMPLE_DATA synthetic background sample
EXAMPLE_DATA_0107,monomer,bad,2.31,95.125,,6.109,,1.118,0.738,,,3.936,EXAMPLE_DATA synthetic background sample
EXAMPLE_DATA_0108,enzyme,bad,2.783,92.862,81.934,5.323,1.028,3.571,0.659,,,1.465,EXAMPLE_DATA synthetic background sample
EXAMPLE_DATA_0109,antibody,bad,2.303,80.668,,14.342,,2.109,0.017,,,2.271,EXAMPLE_DATA synthetic background sample
EXAMPLE_DATA_0110,oligomer,good,1.61,81.26,,7.615,,2.13,0.738,-39.815,0.681,1.581,EXAMPLE_DATA synthetic background sample
EXAMPLE_DATA_0111,binder,bad,1.592,72.714,,5.772,,1.902,0.247,-18.23,0.697,3.701,EXAMPLE_DATA synthetic background sample
EXAMPLE_DATA_0112,oligomer,good,1.485,83.958,,8.955,,1.853,0.647,-36.548,0.632,1.451,EXAMPLE_DATA synthetic background sample
EXAMPLE_DATA_0113,antibody,good,2.25,81.34,,9.802,,2.137,0.573,,,2.402,EXAMPLE_DATA synthetic background sample
EXAMPLE_DATA_0114,enzyme,good,1.139,90.818,96.586,7.99,0.324,1.547,0.721,,,0.849,EXAMPLE_DATA synthetic background sample
EXAMPLE_DATA_0115,oligomer,good,1.398,86.243,,7.805,,1.444,0.533,-42.798,0.653,2.367,EXAMPLE_DATA synthetic background sample
EXAMPLE_DATA_0116,oligomer,bad,1.335,90.579,,12.539,,1.905,-1.458,-18.559,0.357,2.173,EXAMPLE_DATA synthetic background sample
EXAMPLE_DATA_0117,binder,bad,1.047,67.04,,4.617,,1.783,-1.502,-43.408,0.739,1.822,EXAMPLE_DATA synthetic background sample
EXAMPLE_DATA_0118,oligomer,good,1.658,92.887,,8.077,,2.082,0.666,-40.594,0.651,1.98,EXAMPLE_DATA synthetic background sample
EXAMPLE_DATA_0119,monomer,good,1.772,90.249,,3.622,,1.435,1.092,,,1.53,EXAMPLE_DATA synthetic background sample
EXAMPLE_DATA_0120,enzyme,good,1.612,90.442,91.909,6.173,0.208,1.562,0.438,,,1.419,EXAMPLE_DATA synthetic background sample
EXAMPLE_DATA_0121,binder,good,1.566,86.33,,4.635,,1.713,0.325,-41.847,0.721,1.633,EXAMPLE_DATA synthetic background sample
EXAMPLE_DATA_0122,enzyme,good,0.815,89.759,93.884,5.164,0.326,1.756,0.907,,,1.957,EXAMPLE_DATA synthetic background sample
EXAMPLE_DATA_0123,enzyme,good,0.988,98.19,94.17,5.839,0.375,1.708,0.342,,,1.424,EXAMPLE_DATA synthetic background sample
EXAMPLE_DATA_0124,monomer,good,1.301,89.725,,8.165,,1.392,0.564,,,1.631,EXAMPLE_DATA synthetic background sample
EXAMPLE_DATA_0125,antibody,good,1.937,77.418,,11.045,,1.846,0.502,,,2.531,EXAMPLE_DATA synthetic background sample
EXAMPLE_DATA_0126,antibody,good,2.134,78.561,,8.989,,2.07,-0.01,,,2.008,EXAMPLE_DATA synthetic background sample
EXAMPLE_DATA_0127,monomer,bad,1.862,90.181,,13.967,,1.417,-1.644,,,3.39,EXAMPLE_DATA synthetic background sample
EXAMPLE_DATA_0128,antibody,good,2.212,82.351,,7.41,,2.545,0.308,,,1.389,EXAMPLE_DATA synthetic background sample
EXAMPLE_DATA_0129,enzyme,good,1.335,92.476,97.883,7.168,0.269,1.729,1.095,,,1.633,EXAMPLE_DATA synthetic background sample
EXAMPLE_DATA_0130,enzyme,good,0.869,91.464,95.192,5.784,0.189,1.455,0.223,,,1.802,EXAMPLE_DATA synthetic background sample
EXAMPLE_DATA_0131,oligomer,good,1.644,92.752,,6.525,,1.785,0.374,-33.557,0.676,2.054,EXAMPLE_DATA synthetic background sample
EXAMPLE_DATA_0132,binder,bad,3.209,68.899,,13.022,,1.918,0.521,-15.605,0.75,2.141,EXAMPLE_DATA synthetic background sample
EXAMPLE_DATA_0133,binder,bad,3.132,67.377,,7.525,,1.433,-1.472,-44.489,0.463,1.773,EXAMPLE_DATA synthetic background sample
EXAMPLE_DATA_0134,enzyme,good,1.282,89.42,95.593,3.931,0.205,1.7,0.487,,,1.353,EXAMPLE_DATA synthetic background sample
EXAMPLE_DATA_0135,oligomer,bad,3.27,87.192,,12.406,,3.051,0.252,-35.853,0.742,1.77,EXAMPLE_DATA synthetic background sample
EXAMPLE_DATA_0136,oligomer,good,1.281,89.811,,7.537,,1.706,0.193,-32.658,0.693,1.683,EXAMPLE_DATA synthetic background sample
EXAMPLE_DATA_0137,oligomer,good,1.815,89.168,,4.167,,1.791,0.601,-37.725,0.708,2.57,EXAMPLE_DATA synthetic background sample
EXAMPLE_DATA_0138,binder,good,1.51,88.91,,6.05,,1.635,0.33,-38.626,0.736,2.248,EXAMPLE_DATA synthetic background sample
EXAMPLE_DATA_0139,enzyme,good,1.434,88.875,94.027,7.209,0.311,1.455,0.7,,,1.604,EXAMPLE_DATA synthetic background sample
EXAMPLE_DATA_0140,oligomer,good,1.795,91.106,,5.053,,1.683,0.752,-35.281,0.628,1.852,EXAMPLE_DATA synthetic background sample
EXAMPLE_DATA_0141,oligomer,bad,1.298,87.703,,11.465,,3.4,-1.975,-16.376,0.397,3.971,EXAMPLE_DATA synthetic background sample
EXAMPLE_DATA_0142,antibody,bad,2.389,83.661,,6.786,,2.066,0.15,,,2.139,EXAMPLE_DATA synthetic background sample
EXAMPLE_DATA_0143,monomer,good,1.408,92.337,,4.097,,1.164,0.435,,,1.273,EXAMPLE_DATA synthetic background sample
EXAMPLE_DATA_0144,enzyme,bad,0.834,70.713,81.685,13.184,0.865,1.51,-1.717,,,1.868,EXAMPLE_DATA synthetic background sample
EXAMPLE_DATA_0145,binder,bad,1.49,86.5,,14.105,,1.756,-1.295,-12.493,0.745,4.174,EXAMPLE_DATA synthetic background sample
EXAMPLE_DATA_0146,oligomer,bad,2.723,73.588,,7.554,,1.776,-1.48,-12.647,0.501,3.958,EXAMPLE_DATA synthetic background sample
EXAMPLE_DATA_0147,monomer,bad,1.468,88.344,,13.607,,1.462,-1.382,,,1.55,EXAMPLE_DATA synthetic background sample
EXAMPLE_DATA_0148,oligomer,good,1.797,86.33,,7.744,,1.83,0.386,-41.955,0.761,2.283,EXAMPLE_DATA synthetic background sample
EXAMPLE_DATA_0149,enzyme,bad,1.305,89.313,86.09,7.478,0.935,2.058,0.261,,,3.292,EXAMPLE_DATA synthetic background sample
EXAMPLE_DATA_0150,enzyme,bad,2.401,68.413,85.197,13.332,0.883,3.026,-1.449,,,3.64,EXAMPLE_DATA synthetic background sample
EXAMPLE_DATA_0151,enzyme,good,0.775,95.682,92.795,7.169,0.378,1.333,0.285,,,2.048,EXAMPLE_DATA synthetic background sample
EXAMPLE_DATA_0152,binder,bad,3.276,84.212,,13.887,,2.272,0.868,-44.91,0.698,4.162,EXAMPLE_DATA synthetic background sample
EXAMPLE_DATA_0153,oligomer,bad,3.507,91.891,,14.609,,3.42,-0.248,-14.816,0.385,4.382,EXAMPLE_DATA synthetic background sample
EXAMPLE_DATA_0154,monomer,good,1.768,92.978,,6.562,,1.258,0.304,,,1.29,EXAMPLE_DATA synthetic background sample
EXAMPLE_DATA_0155,monomer,good,1.272,88.059,,7.314,,1.614,0.958,,,1.385,EXAMPLE_DATA synthetic background sample
EXAMPLE_DATA_0156,binder,bad,2.961,87.081,,5.863,,1.996,-1.609,-17.26,0.68,2.323,EXAMPLE_DATA synthetic background sample
EXAMPLE_DATA_0157,oligomer,bad,1.674,66.806,,6.967,,1.779,0.195,-13.471,0.426,4.211,EXAMPLE_DATA synthetic background sample
EXAMPLE_DATA_0158,monomer,good,1.463,94.814,,5.939,,1.933,0.684,,,1.317,EXAMPLE_DATA synthetic background sample
EXAMPLE_DATA_0159,oligomer,bad,3.566,84.715,,6.22,,3.141,0.549,-35.657,0.423,1.91,EXAMPLE_DATA synthetic background sample
EXAMPLE_DATA_0160,monomer,bad,0.943,74.633,,5.689,,3.171,0.405,,,3.871,EXAMPLE_DATA synthetic background sample
EXAMPLE_DATA_0161,monomer,good,1.475,95.923,,6.888,,0.904,0.582,,,1.62,EXAMPLE_DATA synthetic background sample
EXAMPLE_DATA_0162,enzyme,bad,1.134,92.071,93.376,6.186,0.967,1.088,-1.093,,,1.783,EXAMPLE_DATA synthetic background sample
EXAMPLE_DATA_0163,monomer,bad,1.343,93.014,,8.192,,2.699,-1.331,,,4.155,EXAMPLE_DATA synthetic background sample
EXAMPLE_DATA_0164,antibody,good,2.035,84.099,,6.254,,2.076,-0.185,,,1.998,EXAMPLE_DATA synthetic background sample
EXAMPLE_DATA_0165,oligomer,good,1.59,91.536,,6.203,,1.649,0.908,-32.622,0.72,1.648,EXAMPLE_DATA synthetic background sample
EXAMPLE_DATA_0166,monomer,bad,1.205,73.501,,13.388,,1.416,0.45,,,3.403,EXAMPLE_DATA synthetic background sample
EXAMPLE_DATA_0167,monomer,bad,3.226,69.018,,11.757,,0.845,-1.388,,,1.442,EXAMPLE_DATA synthetic background sample
EXAMPLE_DATA_0168,oligomer,bad,3.388,85.103,,6.421,,3.338,-1.873,-10.239,0.435,2.527,EXAMPLE_DATA synthetic background sample
EXAMPLE_DATA_0169,enzyme,good,1.154,93.353,99.0,4.907,0.441,1.232,0.376,,,1.677,EXAMPLE_DATA synthetic background sample
EXAMPLE_DATA_0170,binder,good,1.204,85.498,,6.678,,1.81,0.073,-36.603,0.676,2.549,EXAMPLE_DATA synthetic background sample
EXAMPLE_DATA_0171,monomer,bad,1.097,90.774,,6.458,,1.758,0.395,,,3.864,EXAMPLE_DATA synthetic background sample
EXAMPLE_DATA_0172,oligomer,good,1.551,90.521,,5.406,,2.043,1.018,-39.445,0.726,1.418,EXAMPLE_DATA synthetic background sample
EXAMPLE_DATA_0173,enzyme,good,1.373,97.199,92.871,8.436,0.268,1.549,0.56,,,1.956,EXAMPLE_DATA synthetic background sample
EXAMPLE_DATA_0174,monomer,bad,1.212,73.944,,13.327,,2.747,-1.813,,,3.368,EXAMPLE_DATA synthetic background sample
EXAMPLE_DATA_0175,enzyme,bad,2.653,96.091,83.094,11.469,0.901,2.969,-1.014,,,3.313,EXAMPLE_DATA synthetic background sample
EXAMPLE_DATA_0176,binder,good,0.996,93.093,,6.097,,1.807,0.69,-36.823,0.695,2.214,EXAMPLE_DATA synthetic background sample
EXAMPLE_DATA_0177,enzyme,good,1.384,91.141,96.226,7.798,0.374,1.347,0.421,,,2.22,EXAMPLE_DATA synthetic background sample
EXAMPLE_DATA_0178,monomer,good,1.215,96.919,,8.988,,1.21,0.409,,,1.699,EXAMPLE_DATA synthetic background sample
EXAMPLE_DATA_0179,oligomer,good,1.377,87.948,,7.133,,1.889,0.647,-36.505,0.728,2.591,EXAMPLE_DATA synthetic background sample
EXAMPLE_DATA_0180,antibody,bad,1.76,82.059,,14.538,,2.332,-1.628,,,2.272,EXAMPLE_DATA synthetic background sample
EXAMPLE_DATA_0181,monomer,bad,2.706,93.005,,6.59,,1.24,-1.197,,,3.929,EXAMPLE_DATA synthetic background sample
EXAMPLE_DATA_0182,binder,good,1.815,84.935,,5.448,,1.969,0.538,-47.199,0.687,1.754,EXAMPLE_DATA synthetic background sample
EXAMPLE_DATA_0183,monomer,good,1.396,92.407,,3.452,,1.317,0.603,,,1.386,EXAMPLE_DATA synthetic background sample
EXAMPLE_DATA_0184,enzyme,bad,2.858,93.975,96.964,10.854,0.312,1.561,-1.878,,,3.348,EXAMPLE_DATA synthetic background sample
EXAMPLE_DATA_0185,antibody,bad,3.492,81.397,,4.91,,1.812,-1.719,,,3.859,EXAMPLE_DATA synthetic background sample
EXAMPLE_DATA_0186,oligomer,bad,1.58,71.47,,14.115,,3.187,0.281,-38.751,0.65,4.595,EXAMPLE_DATA synthetic background sample
EXAMPLE_DATA_0187,monomer,good,1.34,91.368,,5.275,,1.44,0.16,,,1.529,EXAMPLE_DATA synthetic background sample
