design_id,sequence,design_type,designed_pdb,predicted_pdb,plddt,plddt_catalytic,pae_interaction,scrmsd,scrmsd_orthogonal,tm_to_pdb,solubility,rosetta_dG,shape_complementarity,md_rmsd,catalytic_geom_rmsd,extra,layers_passed,score,notes
EXAMPLE_DATA_mock_0039,,antibody,,,89.0,,5.0,1.38,,,0.223,,,,,"{'tap_score': 8.0, 'humanness': 0.748, 'cdr_geom': 0.98, 'cdr3_len': 14, 'synthetic': True}",3,3.3433,[]
EXAMPLE_DATA_mock_0002,,antibody,,,78.0,,12.0,1.13,,,0.092,,,,,"{'tap_score': 4.0, 'humanness': 0.784, 'cdr_geom': 2.33, 'cdr3_len': 11, 'synthetic': True}",3,2.9,[]
EXAMPLE_DATA_mock_0030,,antibody,,,97.0,,6.0,1.87,,,0.316,,,,,"{'tap_score': 6.0, 'humanness': 0.734, 'cdr_geom': 0.67, 'cdr3_len': 18, 'synthetic': True}",3,2.85,[]
EXAMPLE_DATA_mock_0009,,antibody,,,88.0,,7.0,1.88,,,0.335,,,,,"{'tap_score': 5.0, 'humanness': 0.741, 'cdr_geom': 1.28, 'cdr3_len': 17, 'synthetic': True}",3,2.6667,[]
EXAMPLE_DATA_mock_0036,,antibody,,,77.0,,11.0,1.44,,,-0.014,,,,,"{'tap_score': 6.0, 'humanness': 0.702, 'cdr_geom': 2.64, 'cdr3_len': 20, 'synthetic': True}",3,2.6633,[]
EXAMPLE_DATA_mock_0037,,antibody,,,78.0,,6.0,2.83,,,0.075,,,,,"{'tap_score': 5.0, 'humanness': 0.8, 'cdr_geom': 2.73, 'cdr3_len': 8, 'synthetic': True}",3,2.03,[]
EXAMPLE_DATA_mock_0015,,antibody,,,87.0,,9.0,2.38,,,0.318,,,,,"{'tap_score': 7.0, 'humanness': 0.702, 'cdr_geom': 2.68, 'cdr3_len': 19, 'synthetic': True}",3,1.99,[]
EXAMPLE_DATA_mock_0026,,antibody,,,80.0,,10.0,2.39,,,0.119,,,,,"{'tap_score': 7.0, 'humanness': 0.734, 'cdr_geom': 2.69, 'cdr3_len': 18, 'synthetic': True}",3,1.8267,[]
EXAMPLE_DATA_mock_0038,,antibody,,,92.0,,12.0,2.57,,,0.257,,,,,"{'tap_score': 5.0, 'humanness': 0.734, 'cdr_geom': 1.17, 'cdr3_len': 14, 'synthetic': True}",3,1.67,[]
EXAMPLE_DATA_mock_0006,,antibody,,,83.0,,11.0,2.88,,,0.035,,,,,"{'tap_score': 7.0, 'humanness': 0.792, 'cdr_geom': 2.58, 'cdr3_len': 9, 'synthetic': True}",3,1.6633,[]
EXAMPLE_DATA_mock_0023,,antibody,,,78.0,,12.0,2.73,,,-0.1,,,,,"{'tap_score': 6.0, 'humanness': 0.748, 'cdr_geom': 2.13, 'cdr3_len': 16, 'synthetic': True}",3,1.53,[]
EXAMPLE_DATA_mock_0004,,antibody,,,96.0,,19.0,1.36,,,0.305,,,,,"{'tap_score': 5.0, 'humanness': 0.721, 'cdr_geom': 2.56, 'cdr3_len': 20, 'synthetic': True}",0,2.1,['failed L1 self-consistency']
EXAMPLE_DATA_mock_0017,,antibody,,,65.0,,16.0,1.17,,,0.389,,,,,"{'tap_score': 5.0, 'humanness': 0.762, 'cdr_geom': 2.97, 'cdr3_len': 12, 'synthetic': True}",0,1.98,['failed L1 self-consistency']
EXAMPLE_DATA_mock_0019,,antibody,,,74.0,,16.0,1.33,,,0.32,,,,,"{'tap_score': 6.0, 'humanness': 0.748, 'cdr_geom': 1.83, 'cdr3_len': 13, 'synthetic': True}",0,1.91,['failed L1 self-consistency']
EXAMPLE_DATA_mock_0024,,antibody,,,90.0,,18.0,1.51,,,0.026,,,,,"{'tap_score': 7.0, 'humanness': 0.721, 'cdr_geom': 2.01, 'cdr3_len': 17, 'synthetic': True}",0,1.89,['failed L1 self-consistency']
EXAMPLE_DATA_mock_0000,,antibody,,,72.0,,14.0,1.47,,,0.172,,,,,"{'tap_score': 6.0, 'humanness': 0.769, 'cdr_geom': 0.67, 'cdr3_len': 12, 'synthetic': True}",0,1.75,['failed L1 self-consistency']
EXAMPLE_DATA_mock_0022,,antibody,,,67.0,,7.0,1.88,,,0.118,,,,,"{'tap_score': 5.0, 'humanness': 0.755, 'cdr_geom': 2.38, 'cdr3_len': 13, 'synthetic': True}",0,1.7067,['failed L1 self-consistency']
EXAMPLE_DATA_mock_0008,,antibody,,,69.0,,16.0,1.65,,,0.264,,,,,"{'tap_score': 7.0, 'humanness': 0.741, 'cdr_geom': 2.35, 'cdr3_len': 16, 'synthetic': True}",0,1.54,['failed L1 self-consistency']
EXAMPLE_DATA_mock_0032,,antibody,,,74.0,,18.0,1.83,,,0.377,,,,,"{'tap_score': 5.0, 'humanness': 0.727, 'cdr_geom': 1.93, 'cdr3_len': 17, 'synthetic': True}",0,1.41,['failed L1 self-consistency']
EXAMPLE_DATA_mock_0018,,antibody,,,86.0,,6.0,3.31,,,-0.039,,,,,"{'tap_score': 5.0, 'humanness': 0.748, 'cdr_geom': 0.61, 'cdr3_len': 13, 'synthetic': True}",0,1.36,['failed L1 self-consistency']
EXAMPLE_DATA_mock_0020,,antibody,,,75.0,,5.0,3.78,,,0.448,,,,,"{'tap_score': 5.0, 'humanness': 0.777, 'cdr_geom': 2.78, 'cdr3_len': 11, 'synthetic': True}",0,1.3333,['failed L1 self-consistency']
EXAMPLE_DATA_mock_0014,,antibody,,,84.0,,20.0,2.01,,,0.307,,,,,"{'tap_score': 5.0, 'humanness': 0.741, 'cdr_geom': 1.91, 'cdr3_len': 13, 'synthetic': True}",0,1.33,['failed L1 self-consistency']
EXAMPLE_DATA_mock_0029,,antibody,,,71.0,,14.0,1.95,,,0.331,,,,,"{'tap_score': 4.0, 'humanness': 0.769, 'cdr_geom': 2.35, 'cdr3_len': 11, 'synthetic': True}",0,1.26,['failed L1 self-consistency']
EXAMPLE_DATA_mock_0025,,antibody,,,74.0,,6.0,3.79,,,0.029,,,,,"{'tap_score': 5.0, 'humanness': 0.762, 'cdr_geom': 1.09, 'cdr3_len': 12, 'synthetic': True}",0,1.24,['failed L1 self-consistency']
EXAMPLE_DATA_mock_0001,,antibody,,,71.0,,6.0,3.95,,,0.371,,,,,"{'tap_score': 5.0, 'humanness': 0.721, 'cdr_geom': 1.25, 'cdr3_len': 19, 'synthetic': True}",0,1.21,['failed L1 self-consistency']
EXAMPLE_DATA_mock_0011,,antibody,,,94.0,,10.0,3.19,,,0.286,,,,,"{'tap_score': 6.0, 'humanness': 0.721, 'cdr_geom': 2.29, 'cdr3_len': 19, 'synthetic': True}",0,1.1067,['failed L1 self-consistency']
EXAMPLE_DATA_mock_0012,,antibody,,,80.0,,9.0,3.02,,,0.354,,,,,"{'tap_score': 4.0, 'humanness': 0.808, 'cdr_geom': 1.42, 'cdr3_len': 8, 'synthetic': True}",0,1.05,['failed L1 self-consistency']
EXAMPLE_DATA_mock_0033,,antibody,,,97.0,,13.0,2.42,,,0.154,,,,,"{'tap_score': 4.0, 'humanness': 0.714, 'cdr_geom': 2.32, 'cdr3_len': 18, 'synthetic': True}",0,1.05,['failed L1 self-consistency']
EXAMPLE_DATA_mock_0007,,antibody,,,95.0,,11.0,3.2,,,0.114,,,,,"{'tap_score': 7.0, 'humanness': 0.734, 'cdr_geom': 1.6, 'cdr3_len': 15, 'synthetic': True}",0,1.0333,['failed L1 self-consistency']
EXAMPLE_DATA_mock_0013,,antibody,,,96.0,,16.0,2.45,,,0.282,,,,,"{'tap_score': 4.0, 'humanness': 0.714, 'cdr_geom': 1.75, 'cdr3_len': 18, 'synthetic': True}",0,1.01,['failed L1 self-consistency']
EXAMPLE_DATA_mock_0028,,antibody,,,95.0,,16.0,2.45,,,0.35,,,,,"{'tap_score': 5.0, 'humanness': 0.792, 'cdr_geom': 0.85, 'cdr3_len': 10, 'synthetic': True}",0,1.0,['failed L1 self-consistency']
EXAMPLE_DATA_mock_0035,,antibody,,,89.0,,11.0,3.68,,,0.193,,,,,"{'tap_score': 6.0, 'humanness': 0.714, 'cdr_geom': 2.48, 'cdr3_len': 18, 'synthetic': True}",0,0.9733,['failed L1 self-consistency']
EXAMPLE_DATA_mock_0021,,antibody,,,91.0,,16.0,3.09,,,0.153,,,,,"{'tap_score': 4.0, 'humanness': 0.708, 'cdr_geom': 2.09, 'cdr3_len': 19, 'synthetic': True}",0,0.91,['failed L1 self-consistency']
EXAMPLE_DATA_mock_0027,,antibody,,,91.0,,14.0,3.55,,,0.268,,,,,"{'tap_score': 8.0, 'humanness': 0.696, 'cdr_geom': 2.65, 'cdr3_len': 20, 'synthetic': True}",0,0.91,['failed L1 self-consistency']
EXAMPLE_DATA_mock_0003,,antibody,,,77.0,,16.0,2.45,,,0.286,,,,,"{'tap_score': 6.0, 'humanness': 0.721, 'cdr_geom': 1.65, 'cdr3_len': 19, 'synthetic': True}",0,0.82,['failed L1 self-consistency']
EXAMPLE_DATA_mock_0005,,antibody,,,74.0,,19.0,2.64,,,0.369,,,,,"{'tap_score': 7.0, 'humanness': 0.769, 'cdr_geom': 1.34, 'cdr3_len': 11, 'synthetic': True}",0,0.74,['failed L1 self-consistency']
EXAMPLE_DATA_mock_0031,,antibody,,,72.0,,12.0,4.01,,,0.367,,,,,"{'tap_score': 5.0, 'humanness': 0.741, 'cdr_geom': 2.51, 'cdr3_len': 16, 'synthetic': True}",0,0.72,['failed L1 self-consistency']
EXAMPLE_DATA_mock_0034,,antibody,,,71.0,,16.0,2.93,,,0.194,,,,,"{'tap_score': 4.0, 'humanness': 0.734, 'cdr_geom': 1.03, 'cdr3_len': 17, 'synthetic': True}",0,0.71,['failed L1 self-consistency']
EXAMPLE_DATA_mock_0016,,antibody,,,66.0,,16.0,2.93,,,0.001,,,,,"{'tap_score': 7.0, 'humanness': 0.755, 'cdr_geom': 1.03, 'cdr3_len': 13, 'synthetic': True}",0,0.66,['failed L1 self-consistency']
EXAMPLE_DATA_mock_0010,,antibody,,,65.0,,14.0,3.71,,,0.31,,,,,"{'tap_score': 7.0, 'humanness': 0.714, 'cdr_geom': 1.11, 'cdr3_len': 19, 'synthetic': True}",0,0.65,['failed L1 self-consistency']
