design_id,H1,H3,H5,H7,InfB,worst_case_pae
EXAMPLE_DATA_mock_0070,5.0,13.0,5.0,7.0,8.0,13.0
EXAMPLE_DATA_mock_0039,12.0,12.0,9.0,10.0,13.0,13.0
EXAMPLE_DATA_mock_0137,11.0,16.0,14.0,15.0,5.0,16.0
EXAMPLE_DATA_mock_0186,13.0,16.0,14.0,6.0,14.0,16.0
EXAMPLE_DATA_mock_0006,11.0,13.0,16.0,11.0,12.0,16.0
EXAMPLE_DATA_mock_0084,11.0,8.0,17.0,11.0,5.0,17.0
EXAMPLE_DATA_mock_0066,13.0,9.0,18.0,12.0,18.0,18.0
EXAMPLE_DATA_mock_0106,6.0,14.0,7.0,8.0,18.0,18.0
EXAMPLE_DATA_mock_0067,14.0,12.0,11.0,9.0,18.0,18.0
EXAMPLE_DATA_mock_0034,13.0,15.0,19.0,12.0,18.0,19.0
